Flight Number,Inbound Flight Number,Airline,Aircraft Type,Aircraft Tail,Scheduled Departure,Actual Arrival or ETA,Station Event Time,Date,Origin,Destination,CSC,Gate,Ground Time,Flight Status,Specials
3884,1667,UA,739,3453,2026-05-27 20:28:00,2026-05-27 19:06:00,2026-05-27 20:28:00,2026-05-27,ORD,IAB,,M32,01:22,IN,Q
3856,658,UA,737,3712,2026-05-27 16:47:00,2026-05-26 19:31:00,2026-05-27 16:47:00,2026-05-27,ORD,CLE,,SR4,21:16,IN,
5425,4664,OO,CRJ,N908EV,2026-05-27 06:53:00,2026-05-26 19:24:00,2026-05-27 06:53:00,2026-05-27,ORD,GRR,,E5,11:29,IN,S
5442,5619,OO,CRJ,N975SW,2026-05-27 07:33:00,2026-05-27 05:44:00,2026-05-27 07:33:00,2026-05-27,ORD,CID,,F4,01:49,IN,SSR
4794,5076,OO,CR5,N689SK,2026-05-27 08:33:00,2026-05-27 06:18:00,2026-05-27 08:33:00,2026-05-27,ORD,COU,,E3,02:15,IN,
4613,4540,G7,CR5,N511GJ,2026-05-27 08:48:00,2026-05-27 07:52:00,2026-05-27 08:48:00,2026-05-27,ORD,STL,,E9,00:56,IN,
4429,4189,G7,CR5,N547GJ,2026-05-27 19:38:00,2026-05-27 19:02:00,2026-05-27 19:38:00,2026-05-27,ORD,BHM,,F23,00:36,IN,SSR
4420,4505,G7,CR5,N569GJ,2026-05-27 19:46:00,2026-05-27 18:34:00,2026-05-27 19:46:00,2026-05-27,ORD,GRB,,F19,01:12,IN,
1689,1015,UA,739,3848,2026-05-27 06:19:00,2026-05-26 20:53:00,2026-05-27 06:19:00,2026-05-27,ORD,IAD,,C27,09:26,IN,S SSR
4646,5690,OO,E7W,N632SY,2026-05-27 08:41:00,2026-05-27 05:46:00,2026-05-27 08:41:00,2026-05-27,ORD,ASE,,F10,02:55,IN,SSR
5215,5896,OO,CR5,N767SK,2026-05-27 08:54:00,2026-05-27 07:40:00,2026-05-27 08:54:00,2026-05-27,ORD,LNK,,G20,01:14,IN,
729,543,UA,739,3433,2026-05-27 08:55:00,2026-05-27 07:48:00,2026-05-27 08:55:00,2026-05-27,ORD,PHL,,G4,01:07,IN,SSR
4791,4780,OO,CRJ,N915SW,2026-05-27 10:14:00,2026-05-27 09:25:00,2026-05-27 10:14:00,2026-05-27,ORD,SBN,,F5,00:49,IN,
2807,1902,UA,738,3275,2026-05-27 11:42:00,2026-05-27 10:24:00,2026-05-27 11:42:00,2026-05-27,ORD,ORF,,C24,01:18,IN,SSR
5138,5065,OO,CRJ,N928EV,2026-05-27 11:44:00,2026-05-27 11:14:00,2026-05-27 11:44:00,2026-05-27,ORD,MGW,,E1,00:30,IN,
516,1691,UA,739,3441,2026-05-27 18:14:00,2026-05-27 17:23:00,2026-05-27 18:14:00,2026-05-27,ORD,BDL,,E6,00:51,IN,SSR
1850,1686,UA,739,3824,2026-05-27 21:44:00,2026-05-27 20:17:00,2026-05-27 21:44:00,2026-05-27,ORD,OMA,,C17,01:27,IN,
1262,2102,UA,738,3231,2026-05-27 06:50:00,2026-05-27 04:50:00,2026-05-27 06:50:00,2026-05-27,ORD,BDL,,C24,02:00,IN,SSR
5746,5524,OO,E7W,N116SY,2026-05-27 06:50:00,2026-05-26 19:05:00,2026-05-27 06:50:00,2026-05-27,ORD,PVD,,F9,11:45,IN,"S <font id=""exportDisplay"" color=#ff0000 style=""display: none;"">V</font>"
5330,5995,OO,CR5,N793SK,2026-05-27 06:55:00,2026-05-27 05:40:00,2026-05-27 06:55:00,2026-05-27,ORD,GSP,,G20,01:15,IN,SSR
1285,1564,UA,320,4632,2026-05-27 07:05:00,2026-05-26 21:03:00,2026-05-27 07:05:00,2026-05-27,ORD,PIT,,B21,10:02,IN,S SSR
4653,5121,OO,CRJ,N982SW,2026-05-27 07:25:00,2026-05-27 06:07:00,2026-05-27 07:25:00,2026-05-27,ORD,CRW,,E12,01:18,IN,SSR
5668,5407,OO,CRJ,N916EV,2026-05-27 07:27:00,2026-05-27 06:59:00,2026-05-27 07:27:00,2026-05-27,ORD,FWA,,F25,00:28,IN,SSR
3634,3600,YX,E7W,N772YX,2026-05-27 08:30:00,2026-05-27 07:43:00,2026-05-27 08:30:00,2026-05-27,ORD,BNA,,F14,00:47,IN,
5795,5485,OO,E7W,N166SY,2026-05-27 08:35:00,2026-05-27 07:40:00,2026-05-27 08:35:00,2026-05-27,ORD,TUL,,F1,00:55,IN,SSR
1688,2780,UA,738,3228,2026-05-27 08:45:00,2026-05-26 20:53:00,2026-05-27 08:45:00,2026-05-27,ORD,AUS,,E6,11:52,IN,S SSR
1017,1355,UA,738,3230,2026-05-27 08:50:00,2026-05-27 07:36:00,2026-05-27 08:50:00,2026-05-27,ORD,LGA,,B8,01:14,IN,SSR
4714,5609,OO,CR5,N530GJ,2026-05-27 10:19:00,2026-05-27 09:30:00,2026-05-27 10:19:00,2026-05-27,ORD,TYS,,E9,00:49,IN,
5839,5317,OO,CRJ,N980SW,2026-05-27 10:25:00,2026-05-27 09:14:00,2026-05-27 10:25:00,2026-05-27,ORD,GRB,,F23,01:11,IN,SSR
2342,2779,UA,738,3222,2026-05-27 10:48:00,2026-05-27 09:30:00,2026-05-27 10:48:00,2026-05-27,ORD,PBI,,C26,01:18,IN,SSR
4670,5890,OO,CR5,N788SK,2026-05-27 10:50:00,2026-05-27 09:24:00,2026-05-27 10:50:00,2026-05-27,ORD,SDF,,G20,01:26,IN,
5103,5020,OO,CRJ,N218PS,2026-05-27 11:22:00,2026-05-27 10:15:00,2026-05-27 11:22:00,2026-05-27,ORD,JLN,,F19,01:07,IN,
5680,5823,OO,E7W,N157SY,2026-05-27 11:37:00,2026-05-27 10:50:00,2026-05-27 11:37:00,2026-05-27,ORD,BGR,,E4,00:47,IN,SSR
4194,--,G7,CR5,N551GJ,2026-05-27 15:51:00,,2026-05-27 15:51:00,2026-05-27,ORD,MSN,,F23,--,IN,
6074,5017,OO,CRJ,N947SW,2026-05-27 16:25:00,2026-05-27 15:20:00,2026-05-27 16:25:00,2026-05-27,ORD,CKB,,F6,01:05,IN,SSR
3674,3577,YX,E7W,N764YX,2026-05-27 17:35:00,2026-05-27 16:55:00,2026-05-27 17:35:00,2026-05-27,ORD,CMH,,F1,00:40,IN,
769,952,UA,788,3910,2026-05-27 21:30:00,2026-05-27 13:50:00,2026-05-27 21:30:00,2026-05-27,ORD,BCN,,C18,07:40,IN,SSR
1799,706,UA,321,4525,2026-05-27 06:21:00,2026-05-26 20:23:00,2026-05-27 06:21:00,2026-05-27,ORD,IAH,,B4,09:58,IN,S
5720,5723,OO,CR5,N753EV,2026-05-27 06:51:00,2026-05-27 05:22:00,2026-05-27 06:51:00,2026-05-27,ORD,ABE,,F22,01:29,IN,SSR
1492,2801,UA,739,3428,2026-05-27 07:11:00,2026-05-26 21:39:00,2026-05-27 07:11:00,2026-05-27,ORD,CMH,,C1,09:32,IN,S SSR
2333,764,UA,739,3463,2026-05-27 08:31:00,2026-05-27 07:43:00,2026-05-27 08:31:00,2026-05-27,ORD,FCA,,C15,00:48,IN,SSR
5475,5699,OO,E7W,N138SY,2026-05-27 09:05:00,2026-05-27 07:49:00,2026-05-27 09:05:00,2026-05-27,ORD,YWG,,F18,01:16,IN,
424,758,UA,739,3804,2026-05-27 10:16:00,2026-05-27 08:46:00,2026-05-27 10:16:00,2026-05-27,ORD,MSY,,E15,01:30,IN,SSR
4382,4584,G7,CR5,N538GJ,2026-05-27 10:22:00,2026-05-27 09:46:00,2026-05-27 10:22:00,2026-05-27,ORD,BUF,,B23,00:36,IN,SSR
4440,4595,G7,CR5,N559GJ,2026-05-27 10:26:00,2026-05-27 08:49:00,2026-05-27 10:26:00,2026-05-27,ORD,BHM,,F7,01:37,IN,SSR
3704,3484,YX,E7W,N736YX,2026-05-27 10:26:00,2026-05-27 09:37:00,2026-05-27 10:26:00,2026-05-27,ORD,RIC,,E5,00:49,IN,SSR
3581,3425,YX,E7W,N749YX,2026-05-27 10:36:00,2026-05-27 09:29:00,2026-05-27 10:36:00,2026-05-27,ORD,HHH,,C6,01:07,IN,
4703,4656,OO,E7W,N601UX,2026-05-27 12:31:00,2026-05-27 11:46:00,2026-05-27 12:31:00,2026-05-27,ORD,PVD,,F14,00:45,IN,SSR
4792,5869,OO,CR5,N753EV,2026-05-27 18:11:00,2026-05-27 17:07:00,2026-05-27 18:11:00,2026-05-27,ORD,SCE,,E9,01:04,IN,SSR
5751,5840,OO,CR5,N572GJ,2026-05-27 19:59:00,2026-05-27 18:19:00,2026-05-27 19:59:00,2026-05-27,ORD,COU,,B23,01:40,IN,SSR
3405,3544,YX,E7W,N732YX,2026-05-27 21:11:00,2026-05-27 20:05:00,2026-05-27 21:11:00,2026-05-27,ORD,CMH,,F6,01:06,IN,SSR
4468,4483,G7,CR5,N561GJ,2026-05-27 21:11:00,2026-05-27 20:26:00,2026-05-27 21:11:00,2026-05-27,ORD,LEX,,F4,00:45,IN,
3548,3443,YX,E7W,N778YX,2026-05-27 21:16:00,2026-05-27 20:30:00,2026-05-27 21:16:00,2026-05-27,ORD,CVG,,B7,00:46,IN,
5477,5885,OO,E7W,N154SY,2026-05-27 06:52:00,2026-05-26 20:38:00,2026-05-27 06:52:00,2026-05-27,ORD,ORF,,B18,10:14,IN,S
3444,3707,YX,E7W,N732YX,2026-05-27 06:52:00,2026-05-26 17:02:00,2026-05-27 06:52:00,2026-05-27,ORD,MSY,,C6,13:50,IN,S SSR
4380,4579,G7,CR5,N538GJ,2026-05-27 06:52:00,2026-05-26 20:11:00,2026-05-27 06:52:00,2026-05-27,ORD,MSN,,F26,10:41,IN,S SSR
6005,6012,OO,E7W,N211SY,2026-05-27 06:58:00,2026-05-26 20:01:00,2026-05-27 06:58:00,2026-05-27,ORD,MCI,,F1,10:57,IN,S SSR
1488,303,UA,320,4253,2026-05-27 07:17:00,2026-05-26 16:49:00,2026-05-27 07:17:00,2026-05-27,ORD,CLE,,B22,14:28,IN,S SSR
5993,4754,OO,E7W,N87364,2026-05-27 07:22:00,2026-05-27 06:08:00,2026-05-27 07:22:00,2026-05-27,ORD,RIC,,E4,01:14,IN,SSR
1076,1148,UA,739,3446,2026-05-27 07:25:00,2026-05-27 05:44:00,2026-05-27 07:25:00,2026-05-27,ORD,BOS,,B7,01:41,IN,SSR
5121,5043,OO,CRJ,N693BR,2026-05-27 07:37:00,2026-05-27 06:14:00,2026-05-27 07:37:00,2026-05-27,ORD,DEC,,F27,01:23,IN,SSR
1778,2849,UA,319,4040,2026-05-27 08:32:00,2026-05-27 07:28:00,2026-05-27 08:32:00,2026-05-27,ORD,OMA,,C1,01:04,IN,
4462,4613,G7,CR5,N523GJ,2026-05-27 08:32:00,2026-05-27 07:31:00,2026-05-27 08:32:00,2026-05-27,ORD,FSD,,F28,01:01,IN,SSR
1484,2483,UA,320,4249,2026-05-27 08:32:00,2026-05-27 07:26:00,2026-05-27 08:32:00,2026-05-27,ORD,MCI,,C7,01:06,IN,SSR
5819,5566,OO,CRJ,N969SW,2026-05-27 08:40:00,2026-05-27 07:24:00,2026-05-27 08:40:00,2026-05-27,ORD,DLH,,E5,01:16,IN,SSR
2728,2137,UA,319,4024,2026-05-27 08:52:00,2026-05-27 07:27:00,2026-05-27 08:52:00,2026-05-27,ORD,MTY,,B19,01:25,IN,SSR
4612,4475,G7,CR5,N561GJ,2026-05-27 10:22:00,2026-05-27 09:28:00,2026-05-27 10:22:00,2026-05-27,ORD,CHA,,F10,00:54,IN,SSR
4513,4543,G7,CR5,N554GJ,2026-05-27 10:22:00,2026-05-27 09:14:00,2026-05-27 10:22:00,2026-05-27,ORD,DSM,,F15,01:08,IN,
4544,4509,G7,CR5,N548GJ,2026-05-27 10:27:00,2026-05-27 09:09:00,2026-05-27 10:27:00,2026-05-27,ORD,MDT,,F25,01:18,IN,
5836,4793,OO,E7W,N109SY,2026-05-27 10:35:00,2026-05-27 09:03:00,2026-05-27 10:35:00,2026-05-27,ORD,YYZ,,F14,01:32,IN,SSR
5125,5252,OO,CRJ,N908EV,2026-05-27 10:52:00,2026-05-27 09:53:00,2026-05-27 10:52:00,2026-05-27,ORD,EAR,,F6,00:59,IN,SSR
5747,5518,OO,CRJ,N873AS,2026-05-27 11:21:00,2026-05-26 19:59:00,2026-05-27 11:21:00,2026-05-27,ORD,MLI,,F21,15:22,IN,SSR
1069,2437,UA,320,4249,2026-05-27 14:10:00,2026-05-27 12:56:00,2026-05-27 14:10:00,2026-05-27,ORD,CMH,,B20,01:14,IN,SSR
4575,4618,G7,CR5,N556GJ,2026-05-27 16:32:00,2026-05-27 15:11:00,2026-05-27 16:32:00,2026-05-27,ORD,CVG,,F28,01:21,IN,SSR
5229,5653,OO,CR5,N691SK,2026-05-27 17:47:00,2026-05-27 15:38:00,2026-05-27 17:47:00,2026-05-27,ORD,ROA,,G20,02:09,IN,SSR
759,2747,UA,739,3836,2026-05-27 20:01:00,2026-05-27 18:59:00,2026-05-27 20:01:00,2026-05-27,ORD,EWR,,C29,01:02,IN,SSR
5656,4664,OO,CRJ,N916EV,2026-05-27 21:12:00,2026-05-27 19:15:00,2026-05-27 21:12:00,2026-05-27,ORD,DLH,,F5,01:57,IN,
1939,1738,UA,7M9,7595,2026-05-27 04:53:00,2026-05-26 23:22:00,2026-05-27 04:53:00,2026-05-27,ORD,EWR,,B12,05:31,IN,S SSR
2666,1503,UA,321,4552,2026-05-27 04:53:00,2026-05-26 22:56:00,2026-05-27 04:53:00,2026-05-27,ORD,DEN,,B9,05:57,IN,S SSR
2806,2481,UA,321,4534,2026-05-27 05:53:00,2026-05-26 16:12:00,2026-05-27 05:53:00,2026-05-27,ORD,DEN,,E8,13:41,IN,S
482,396,UA,320,4643,2026-05-27 06:53:00,2026-05-26 20:13:00,2026-05-27 06:53:00,2026-05-27,ORD,DCA,,B19,10:40,IN,S
5412,4644,OO,CRJ,N959SW,2026-05-27 06:53:00,2026-05-26 19:05:00,2026-05-27 06:53:00,2026-05-27,ORD,CAK,,B24,11:48,IN,S
2038,1206,UA,7M9,7599,2026-05-27 06:53:00,2026-05-26 22:52:00,2026-05-27 06:53:00,2026-05-27,ORD,PHL,,C15,08:01,IN,S SSR
4481,4179,G7,CR5,N547GJ,2026-05-27 06:58:00,2026-05-27 06:06:00,2026-05-27 06:58:00,2026-05-27,ORD,STL,,F7,00:52,IN,SSR
4546,4193,G7,CR5,N539GJ,2026-05-27 06:58:00,2026-05-27 05:54:00,2026-05-27 06:58:00,2026-05-27,ORD,GSO,,F14,01:04,IN,
4654,5552,OO,E7W,N620UX,2026-05-27 06:58:00,2026-05-26 20:09:00,2026-05-27 06:58:00,2026-05-27,ORD,ECP,,F28,10:49,IN,S SSR
1740,1210,UA,7M9,7527,2026-05-27 07:09:00,2026-05-26 23:08:00,2026-05-27 07:09:00,2026-05-27,ORD,RSW,,B8,08:01,IN,S SSR
5690,5615,OO,CR5,N794SK,2026-05-27 07:23:00,2026-05-27 06:15:00,2026-05-27 07:23:00,2026-05-27,ORD,BUF,,F17,01:08,IN,
1116,1763,UA,753,3857,2026-05-27 07:33:00,2026-05-27 00:46:00,2026-05-27 07:33:00,2026-05-27,ORD,SFO,,C21,06:47,IN,S SSR
1180,224,UA,320,4296,2026-05-27 08:33:00,2026-05-27 07:39:00,2026-05-27 08:33:00,2026-05-27,ORD,MSO,,E15,00:54,IN,SSR
5593,5786,OO,E7W,N144SY,2026-05-27 08:48:00,2026-05-27 07:48:00,2026-05-27 08:48:00,2026-05-27,ORD,MEM,,E4,01:00,IN,SSR
4568,4544,G7,CR5,N569GJ,2026-05-27 10:22:00,2026-05-27 09:30:00,2026-05-27 10:22:00,2026-05-27,ORD,SCE,,F1,00:52,IN,
2616,2844,UA,7M8,7364,2026-05-27 10:41:00,2026-05-27 09:25:00,2026-05-27 10:41:00,2026-05-27,ORD,RDU,,C1,01:16,IN,SSR
1803,2616,UA,321,4506,2026-05-27 10:47:00,2026-05-27 08:46:00,2026-05-27 10:47:00,2026-05-27,ORD,DEN,,B11,02:01,IN,W SSR
5071,5402,OO,CR5,N575GJ,2026-05-27 11:13:00,2026-05-27 09:37:00,2026-05-27 11:13:00,2026-05-27,ORD,PAH,,F12,01:36,IN,
3654,3615,YX,E7W,N741YX,2026-05-27 11:23:00,2026-05-27 10:34:00,2026-05-27 11:23:00,2026-05-27,ORD,DFW,,C4,00:49,IN,SSR
6009,5027,OO,CRJ,N693BR,2026-05-27 11:40:00,2026-05-27 10:32:00,2026-05-27 11:40:00,2026-05-27,ORD,MKE,,F5,01:08,IN,
606,2290,UA,7M9,7595,2026-05-27 12:04:00,2026-05-27 10:46:00,2026-05-27 12:04:00,2026-05-27,ORD,EWR,,B7,01:18,IN,"<font id=""exportDisplay"" color=#ff0000 style=""display: none;"">V</font> SSR"
2774,1617,UA,739,3810,2026-05-27 12:08:00,2026-05-27 11:00:00,2026-05-27 12:08:00,2026-05-27,ORD,ALB,,C20,01:08,IN,SSR
5933,5595,OO,CRJ,N975SW,2026-05-27 13:01:00,2026-05-27 11:11:00,2026-05-27 13:01:00,2026-05-27,ORD,MKE,,E5,01:50,IN,SSR
5521,5741,OO,CR5,N753EV,2026-05-27 13:08:00,2026-05-27 11:35:00,2026-05-27 13:08:00,2026-05-27,ORD,COU,,E6,01:33,IN,
2370,600,UA,319,4040,2026-05-27 14:05:00,2026-05-27 13:04:00,2026-05-27 14:05:00,2026-05-27,ORD,MCI,,B19,01:01,IN,SSR
5194,5915,OO,CRJ,N449SW,2026-05-27 15:38:00,2026-05-27 18:35:00,2026-05-27 15:38:00,2026-05-27,ORD,MBS,,E12,-02:57,IN,Q
1317,1568,UA,321,4529,2026-05-27 16:13:00,2026-05-27 14:54:00,2026-05-27 16:13:00,2026-05-27,ORD,SNA,,B4,01:19,IN,SSR
5135,5141,OO,CRJ,N465SW,2026-05-27 16:40:00,2026-05-27 15:42:00,2026-05-27 16:40:00,2026-05-27,ORD,MCW,,E5,00:58,IN,SSR
4507,4441,G7,CR5,N535GJ,2026-05-27 17:43:00,2026-05-27 17:12:00,2026-05-27 17:43:00,2026-05-27,ORD,CHA,,F15,00:31,IN,SSR
2362,303,UA,320,4632,2026-05-27 18:18:00,2026-05-27 16:40:00,2026-05-27 18:18:00,2026-05-27,ORD,CHS,,B20,01:38,IN,SSR
1557,739,UA,320,4253,2026-05-27 18:18:00,2026-05-27 16:43:00,2026-05-27 18:18:00,2026-05-27,ORD,MDT,,E7,01:35,IN,SSR
5632,5518,OO,CRJ,N980SW,2026-05-27 21:13:00,2026-05-27 20:23:00,2026-05-27 21:13:00,2026-05-27,ORD,MBS,,F15,00:50,IN,
5026,5420,OO,CRJ,N982SW,2026-05-27 21:28:00,2026-05-27 20:28:00,2026-05-27 21:28:00,2026-05-27,ORD,JST,,E5,01:00,IN,SSR
416,423,UA,787,1003,2026-05-27 21:33:00,2026-05-27 15:35:00,2026-05-27 21:33:00,2026-05-27,ORD,MXP,,C16,05:58,IN,SSR
5124,5437,OO,CRJ,N463SW,2026-05-27 21:48:00,2026-05-27 20:13:00,2026-05-27 21:48:00,2026-05-27,ORD,EAU,,F26,01:35,IN,SSR
1819,2665,UA,738,3512,2026-05-27 21:53:00,2026-05-27 20:12:00,2026-05-27 21:53:00,2026-05-27,ORD,GRR,,C22,01:41,IN,SSR
1627,2183,UA,738,3253,2026-05-27 05:54:00,2026-05-26 22:45:00,2026-05-27 05:54:00,2026-05-27,ORD,LGA,,B11,07:09,IN,S SSR
1657,747,UA,738,3209,2026-05-27 06:54:00,2026-05-27 04:37:00,2026-05-27 06:54:00,2026-05-27,ORD,LGA,,B5,02:17,IN,SSR
1358,2486,UA,739,3436,2026-05-27 06:54:00,2026-05-26 22:37:00,2026-05-27 06:54:00,2026-05-27,ORD,MIA,,C28,08:17,IN,S SSR
2811,2275,UA,738,3252,2026-05-27 07:06:00,2026-05-26 21:54:00,2026-05-27 07:06:00,2026-05-27,ORD,ATL,,G2,09:12,IN,S SSR
539,249,UA,738,3211,2026-05-27 07:09:00,2026-05-27 05:41:00,2026-05-27 07:09:00,2026-05-27,ORD,DFW,,B12,01:28,IN,
4746,5409,OO,E7W,N125SY,2026-05-27 07:24:00,2026-05-27 05:49:00,2026-05-27 07:24:00,2026-05-27,ORD,RDU,,F18,01:35,IN,SSR
2326,785,UA,739,3451,2026-05-27 07:25:00,2026-05-26 22:15:00,2026-05-27 07:25:00,2026-05-27,ORD,TPA,,C29,09:10,IN,S SSR
5612,5402,OO,CR5,N691SK,2026-05-27 07:37:00,2026-05-26 09:44:00,2026-05-27 07:37:00,2026-05-27,ORD,SYR,,E9,21:53,IN,S SSR
4538,4504,G7,CR5,N541GJ,2026-05-27 08:34:00,2026-05-27 07:48:00,2026-05-27 08:34:00,2026-05-27,ORD,IND,,F7,00:46,IN,SSR
3657,3495,YX,E7W,N776YX,2026-05-27 08:34:00,2026-05-27 07:13:00,2026-05-27 08:34:00,2026-05-27,ORD,CLE,,C6,01:21,IN,SSR
1292,1778,UA,739,3845,2026-05-27 08:39:00,2026-05-27 07:19:00,2026-05-27 08:39:00,2026-05-27,ORD,YVR,,C17,01:20,IN,SSR
5974,5801,OO,CRJ,N932EV,2026-05-27 08:39:00,2026-05-27 07:52:00,2026-05-27 08:39:00,2026-05-27,ORD,ATW,,F25,00:47,IN,SSR
1674,1856,UA,7M9,7408,2026-05-27 08:48:00,2026-05-27 07:15:00,2026-05-27 08:48:00,2026-05-27,ORD,AUA,,E7,01:33,IN,SSR
224,1793,UA,738,3206,2026-05-27 09:04:00,2026-05-27 07:44:00,2026-05-27 09:04:00,2026-05-27,ORD,BZN,,C3,01:20,IN,SSR
669,2357,UA,738,3528,2026-05-27 09:54:00,2026-05-27 08:44:00,2026-05-27 09:54:00,2026-05-27,ORD,LGA,,B4,01:10,IN,SSR
4427,4480,G7,CR5,N576GJ,2026-05-27 10:26:00,2026-05-27 09:12:00,2026-05-27 10:26:00,2026-05-27,ORD,ABE,,F28,01:14,IN,SSR
5344,5078,OO,CRJ,N453SW,2026-05-27 10:54:00,2026-05-27 10:20:00,2026-05-27 10:54:00,2026-05-27,ORD,MBS,,B24,00:34,IN,SSR
4488,4561,G7,CR5,N556GJ,2026-05-27 12:39:00,2026-05-27 11:37:00,2026-05-27 12:39:00,2026-05-27,ORD,MLI,,E12,01:02,IN,SSR
4519,4585,G7,CR5,N543GJ,2026-05-27 12:39:00,2026-05-27 12:01:00,2026-05-27 12:39:00,2026-05-27,ORD,PIA,,F4,00:38,IN,SSR
4472,4188,G7,CR5,N550GJ,2026-05-27 12:47:00,2026-05-27 11:52:00,2026-05-27 12:47:00,2026-05-27,ORD,MSN,,F7,00:55,IN,
5725,4757,OO,CRJ,N932EV,2026-05-27 12:54:00,2026-05-27 11:44:00,2026-05-27 12:54:00,2026-05-27,ORD,SBN,,F10,01:10,IN,SSR
5225,4781,OO,CRJ,N471CA,2026-05-27 13:54:00,2026-05-27 11:36:00,2026-05-27 13:54:00,2026-05-27,ORD,MLI,,F21,02:18,IN,SSR
3523,3494,YX,E7W,N773YX,2026-05-27 14:24:00,2026-05-27 13:28:00,2026-05-27 14:24:00,2026-05-27,ORD,RIC,,C8,00:56,IN,SSR
5820,5654,OO,CR5,N530GJ,2026-05-27 15:29:00,2026-05-27 14:57:00,2026-05-27 15:29:00,2026-05-27,ORD,TVC,,F18,00:32,IN,SSR
4573,4611,G7,CR5,N548GJ,2026-05-27 15:36:00,2026-05-27 15:11:00,2026-05-27 15:36:00,2026-05-27,ORD,HSV,,F19,00:25,IN,
2466,1335,UA,739,3828,2026-05-27 15:49:00,2026-05-27 14:43:00,2026-05-27 15:49:00,2026-05-27,ORD,BOS,,E14,01:06,IN,SSR
5048,5640,OO,CRJ,N975SW,2026-05-27 16:44:00,2026-05-27 15:49:00,2026-05-27 16:44:00,2026-05-27,ORD,LAF,,F18,00:55,IN,
3455,3457,YX,E7W,N776YX,2026-05-27 17:49:00,2026-05-27 16:36:00,2026-05-27 17:49:00,2026-05-27,ORD,IND,,C7,01:13,IN,SSR
1393,1710,UA,7M9,7547,2026-05-27 17:50:00,2026-05-27 16:31:00,2026-05-27 17:50:00,2026-05-27,ORD,TPA,,C28,01:19,IN,SSR
2443,2649,UA,739,3418,2026-05-27 18:13:00,2026-05-27 16:53:00,2026-05-27 18:13:00,2026-05-27,ORD,JAX,,C17,01:20,IN,SSR
5785,6000,OO,E7W,N121SY,2026-05-27 18:14:00,2026-05-27 16:20:00,2026-05-27 18:14:00,2026-05-27,ORD,CVG,,F26,01:54,IN,SSR
6053,5372,OO,CRJ,N909EV,2026-05-27 18:34:00,2026-05-27 16:41:00,2026-05-27 18:34:00,2026-05-27,ORD,MKE,,F5,01:53,IN,
630,1400,UA,7M9,7449,2026-05-27 19:49:00,2026-05-27 18:14:00,2026-05-27 19:49:00,2026-05-27,ORD,PDX,,C20,01:35,IN,SSR
2770,1884,UA,737,3729,2026-05-27 20:06:00,2026-05-27 18:40:00,2026-05-27 20:06:00,2026-05-27,ORD,FAT,,E8,01:26,IN,"<font id=""exportDisplay"" color=#ff0000 style=""display: none;"">V</font> SSR"
5362,5264,OO,E7W,N610UX,2026-05-27 21:14:00,2026-05-27 18:27:00,2026-05-27 21:14:00,2026-05-27,ORD,MKE,,F27,02:47,IN,SSR
2135,1990,UA,738,3207,2026-05-27 21:23:00,2026-05-27 20:15:00,2026-05-27 21:23:00,2026-05-27,ORD,DTW,,E10,01:08,IN,SSR
2373,2320,UA,739,3471,2026-05-27 05:55:00,2026-05-26 21:45:00,2026-05-27 05:55:00,2026-05-27,ORD,LAX,,C17,08:10,IN,S SSR
5674,5466,OO,CRJ,N956SW,2026-05-27 06:25:00,2026-05-27 05:55:00,2026-05-27 06:25:00,2026-05-27,ORD,GRR,,F19,00:30,IN,
1421,353,UA,321,4512,2026-05-27 06:55:00,2026-05-27 04:33:00,2026-05-27 06:55:00,2026-05-27,ORD,FLL,,C19,02:22,IN,SSR
1336,450,UA,7M8,7268,2026-05-27 06:55:00,2026-05-27 04:45:00,2026-05-27 06:55:00,2026-05-27,ORD,AUS,,C18A,02:10,IN,
5992,4707,OO,E7W,N119SY,2026-05-27 06:55:00,2026-05-25 07:51:00,2026-05-27 06:55:00,2026-05-27,ORD,JAX,,F12,47:04,IN,S SSR
4610,4563,G7,CR5,N564GJ,2026-05-27 06:55:00,2026-05-27 05:37:00,2026-05-27 06:55:00,2026-05-27,ORD,LEX,,F15,01:18,IN,
2795,1990,UA,737,3729,2026-05-27 06:55:00,2026-05-26 20:47:00,2026-05-27 06:55:00,2026-05-27,ORD,CHS,,E7,10:08,IN,S
1217,737,UA,753,3852,2026-05-27 07:00:00,2026-05-26 22:03:00,2026-05-27 07:00:00,2026-05-27,ORD,DEN,,B14,08:57,IN,S SSR
2232,2798,UA,739,3839,2026-05-27 07:00:00,2026-05-26 20:21:00,2026-05-27 07:00:00,2026-05-27,ORD,MSP,,E17,10:39,IN,S SSR
3536,3524,YX,E7W,N747YX,2026-05-27 07:05:00,2026-05-27 06:23:00,2026-05-27 07:05:00,2026-05-27,ORD,YUL,,C10,00:42,IN,SSR
563,2794,UA,321,4524,2026-05-27 07:05:00,2026-05-26 23:10:00,2026-05-27 07:05:00,2026-05-27,ORD,EWR,,C10A,07:55,IN,S SSR
2609,1962,UA,739,3828,2026-05-27 07:05:00,2026-05-27 05:29:00,2026-05-27 07:05:00,2026-05-27,ORD,PBI,,E15,01:36,IN,
5255,5934,OO,E7W,N130SY,2026-05-27 07:06:00,2026-05-26 22:05:00,2026-05-27 07:06:00,2026-05-27,ORD,MYR,,F6,09:01,IN,S SSR
1231,1411,UA,321,4530,2026-05-27 07:25:00,2026-05-26 22:04:00,2026-05-27 07:25:00,2026-05-27,ORD,IAH,,C3,09:21,IN,S SSR
2431,1610,UA,321,4501,2026-05-27 08:35:00,2026-05-26 21:10:00,2026-05-27 08:35:00,2026-05-27,ORD,DEN,,B4,11:25,IN,S SSR
4594,4166,G7,CR5,N522GJ,2026-05-27 08:35:00,2026-05-27 07:28:00,2026-05-27 08:35:00,2026-05-27,ORD,DAY,,F22,01:07,IN,SSR
5228,5432,OO,CRJ,N471CA,2026-05-27 08:35:00,2026-05-27 07:51:00,2026-05-27 08:35:00,2026-05-27,ORD,MLI,,F5,00:44,IN,SSR
5853,5500,OO,CR5,N771SK,2026-05-27 08:40:00,2026-05-27 07:38:00,2026-05-27 08:40:00,2026-05-27,ORD,FAR,,E16,01:02,IN,SSR
1996,1752,UA,321,4545,2026-05-27 08:44:00,2026-05-26 22:52:00,2026-05-27 08:44:00,2026-05-27,ORD,SJU,,B10,09:52,IN,S SSR
3601,3422,YX,E7W,N742YX,2026-05-27 08:45:00,2026-05-27 07:34:00,2026-05-27 08:45:00,2026-05-27,ORD,YYZ,,F12,01:11,IN,SSR
1972,1803,UA,7M9,7401,2026-05-27 08:47:00,2026-05-27 07:45:00,2026-05-27 08:47:00,2026-05-27,ORD,SLC,,C22,01:02,IN,"<font id=""exportDisplay"" color=#ff0000 style=""display: none;"">V</font> SSR"
1994,530,UA,321,4521,2026-05-27 08:52:00,2026-05-27 07:29:00,2026-05-27 08:52:00,2026-05-27,ORD,PDX,,B12,01:23,IN,SSR
2145,215,UA,739,3897,2026-05-27 08:59:00,2026-05-27 07:31:00,2026-05-27 08:59:00,2026-05-27,ORD,SMF,,E17,01:28,IN,SSR
1082,2703,UA,321,4526,2026-05-27 09:01:00,2026-05-25 15:02:00,2026-05-27 09:01:00,2026-05-27,ORD,COS,,G2,41:59,IN,SSR
2483,1082,UA,319,4878,2026-05-27 09:02:00,2026-05-27 07:47:00,2026-05-27 09:02:00,2026-05-27,ORD,EUG,,C31,01:15,IN,SSR
2006,2389,UA,7M8,7285,2026-05-27 09:05:00,2026-05-27 07:35:00,2026-05-27 09:05:00,2026-05-27,ORD,GUA,,B5,01:30,IN,U SSR
5353,5016,OO,CRJ,N463SW,2026-05-27 09:55:00,2026-05-27 09:01:00,2026-05-27 09:55:00,2026-05-27,ORD,CID,,F17,00:54,IN,SSR
5679,4714,OO,CRJ,N910EV,2026-05-27 10:06:00,2026-05-27 09:07:00,2026-05-27 10:06:00,2026-05-27,ORD,MKE,,F22,00:59,IN,SSR
4464,4528,G7,CR5,N537GJ,2026-05-27 10:20:00,2026-05-27 09:37:00,2026-05-27 10:20:00,2026-05-27,ORD,DAY,,E10,00:43,IN,
6028,4803,OO,E7W,N85377,2026-05-27 10:20:00,2026-05-27 08:16:00,2026-05-27 10:20:00,2026-05-27,ORD,MSN,,C4,02:04,IN,SSR
5892,5263,OO,CRJ,N699BR,2026-05-27 10:20:00,2026-05-27 09:38:00,2026-05-27 10:20:00,2026-05-27,ORD,FWA,,E1,00:42,IN,SSR
2357,366,UA,321,4544,2026-05-27 10:30:00,2026-05-27 09:04:00,2026-05-27 10:30:00,2026-05-27,ORD,RSW,,C23,01:26,IN,SSR
4502,4421,G7,CR5,N557GJ,2026-05-27 10:35:00,2026-05-27 09:24:00,2026-05-27 10:35:00,2026-05-27,ORD,LEX,,G4,01:11,IN,
3690,3694,YX,E7W,N743YX,2026-05-27 10:38:00,2026-05-27 09:36:00,2026-05-27 10:38:00,2026-05-27,ORD,EYW,,B18,01:02,IN,
1297,1332,UA,739,3844,2026-05-27 10:46:00,2026-05-27 09:39:00,2026-05-27 10:46:00,2026-05-27,ORD,GRR,,C22,01:07,IN,SSR
1775,2653,UA,738,3224,2026-05-27 10:55:00,2026-05-27 09:21:00,2026-05-27 10:55:00,2026-05-27,ORD,LGA,,B5,01:34,IN,SSR
4798,4670,OO,CR5,N573GJ,2026-05-27 11:00:00,2026-05-27 08:34:00,2026-05-27 11:00:00,2026-05-27,ORD,AVP,,F27,02:26,IN,SSR
6067,5070,OO,CRJ,N947SW,2026-05-27 11:50:00,2026-05-27 11:14:00,2026-05-27 11:50:00,2026-05-27,ORD,CMX,,F15,00:36,IN,
5727,5504,OO,E7W,N211SY,2026-05-27 12:26:00,2026-05-27 11:16:00,2026-05-27 12:26:00,2026-05-27,ORD,BNA,,B18,01:10,IN,U
1448,1928,UA,321,4505,2026-05-27 12:35:00,2026-05-27 11:10:00,2026-05-27 12:35:00,2026-05-27,ORD,IAH,,B9,01:25,IN,SSR
5926,5953,OO,CRJ,N454SW,2026-05-27 12:36:00,2026-05-27 11:58:00,2026-05-27 12:36:00,2026-05-27,ORD,ICT,,G4,00:38,IN,
4605,4453,G7,CR5,N522GJ,2026-05-27 12:46:00,2026-05-27 12:08:00,2026-05-27 12:46:00,2026-05-27,ORD,DSM,,F15,00:38,IN,SSR
5882,5443,OO,E7W,N145SY,2026-05-27 12:46:00,2026-05-27 11:47:00,2026-05-27 12:46:00,2026-05-27,ORD,DTW,,F20,00:59,IN,SSR
5984,5358,OO,E7W,N124SY,2026-05-27 12:49:00,2026-05-27 11:43:00,2026-05-27 12:49:00,2026-05-27,ORD,LIT,,F18,01:06,IN,SSR
5590,5691,OO,E7W,N153SY,2026-05-27 12:55:00,2026-05-27 11:44:00,2026-05-27 12:55:00,2026-05-27,ORD,TVC,,F12,01:11,IN,SSR
622,1693,UA,738,3207,2026-05-27 13:09:00,2026-05-27 11:49:00,2026-05-27 13:09:00,2026-05-27,ORD,AUS,,G2,01:20,IN,SSR
1695,2430,UA,321,4552,2026-05-27 13:10:00,2026-05-27 11:34:00,2026-05-27 13:10:00,2026-05-27,ORD,EWR,,B11,01:36,IN,SSR
5752,5874,OO,E7W,N620UX,2026-05-27 13:55:00,2026-05-27 13:07:00,2026-05-27 13:55:00,2026-05-27,ORD,TYS,,E16,00:48,IN,SSR
5633,5617,OO,CRJ,N693BR,2026-05-27 15:30:00,2026-05-27 14:39:00,2026-05-27 15:30:00,2026-05-27,ORD,ATW,,F27,00:51,IN,SSR
2812,289,UA,752,3109,2026-05-27 15:35:00,2026-05-27 11:17:00,2026-05-27 15:35:00,2026-05-27,ORD,EWR,,C9,04:18,IN,SSR
5657,5309,OO,E7W,N132SY,2026-05-27 15:41:00,2026-05-27 14:36:00,2026-05-27 15:41:00,2026-05-27,ORD,PIT,,F16,01:05,IN,SSR
5304,4778,OO,CR5,N762SK,2026-05-27 15:55:00,2026-05-27 14:53:00,2026-05-27 15:55:00,2026-05-27,ORD,MEM,,G6,01:02,IN,SSR
5021,5213,OO,CRJ,N959SW,2026-05-27 15:55:00,2026-05-27 10:32:00,2026-05-27 15:55:00,2026-05-27,ORD,SUX,,F9,05:23,IN,SSR
4616,4469,G7,CR5,N564GJ,2026-05-27 16:20:00,2026-05-27 15:40:00,2026-05-27 16:20:00,2026-05-27,ORD,FAR,,F20,00:40,IN,SSR
2618,2331,UA,7M9,7550,2026-05-27 16:21:00,2026-05-27 14:29:00,2026-05-27 16:21:00,2026-05-27,ORD,RSW,,B12,01:52,IN,SSR
4514,4171,G7,CR5,N526GJ,2026-05-27 17:50:00,2026-05-27 16:51:00,2026-05-27 17:50:00,2026-05-27,ORD,STL,,F28,00:59,IN,SSR
4789,5139,OO,CRJ,N908EV,2026-05-27 17:50:00,2026-05-27 15:36:00,2026-05-27 17:50:00,2026-05-27,ORD,CRW,,F14,02:14,IN,SSR
5309,5134,OO,CRJ,N928EV,2026-05-27 17:50:00,2026-05-27 15:54:00,2026-05-27 17:50:00,2026-05-27,ORD,FWA,,E1,01:56,IN,
3623,3565,YX,E7W,N752YX,2026-05-27 18:05:00,2026-05-27 17:04:00,2026-05-27 18:05:00,2026-05-27,ORD,GSP,,E10,01:01,IN,SSR
4681,5471,OO,E7W,N620UX,2026-05-27 19:40:00,2026-05-27 19:03:00,2026-05-27 19:40:00,2026-05-27,ORD,SDF,,F26,00:37,IN,"<font id=""exportDisplay"" color=#ff0000 style=""display: none;"">V</font> SSR"
5533,5474,OO,E7W,N157SY,2026-05-27 19:40:00,2026-05-27 18:59:00,2026-05-27 19:40:00,2026-05-27,ORD,ELP,,F20,00:41,IN,SSR
5290,5382,OO,E7W,N85377,2026-05-27 19:40:00,2026-05-27 18:39:00,2026-05-27 19:40:00,2026-05-27,ORD,BOI,,F1,01:01,IN,SSR
4726,5416,OO,E7W,N136SY,2026-05-27 19:45:00,2026-05-27 17:50:00,2026-05-27 19:45:00,2026-05-27,ORD,RAP,,F18,01:55,IN,SSR
4711,5590,OO,CR5,N530GJ,2026-05-27 19:45:00,2026-05-27 19:12:00,2026-05-27 19:45:00,2026-05-27,ORD,MKE,,F17,00:33,IN,SSR
2851,658,UA,7M9,7405,2026-05-27 19:45:00,2026-05-27 18:55:00,2026-05-27 19:45:00,2026-05-27,ORD,STL,,C25,00:50,IN,Q
3640,3677,YX,E7W,N787YX,2026-05-27 19:53:00,2026-05-27 18:57:00,2026-05-27 19:53:00,2026-05-27,ORD,ABQ,,B18,00:56,IN,SSR
329,1023,UA,321,4511,2026-05-27 19:58:00,2026-05-27 18:51:00,2026-05-27 19:58:00,2026-05-27,ORD,DEN,,B11,01:07,IN,SSR
3464,3549,YX,E7W,N790YX,2026-05-27 21:15:00,2026-05-27 18:37:00,2026-05-27 21:15:00,2026-05-27,ORD,PIT,,F10,02:38,IN,SSR
1273,2701,UA,319,4881,2026-05-27 21:25:00,2026-05-27 20:20:00,2026-05-27 21:25:00,2026-05-27,ORD,MCI,,B21,01:05,IN,
2106,254,UA,321,4552,2026-05-27 21:43:00,2026-05-27 20:30:00,2026-05-27 21:43:00,2026-05-27,ORD,SFO,,B9,01:13,IN,SSR
1342,675,UA,321,4563,2026-05-27 21:49:00,2026-05-27 20:29:00,2026-05-27 21:49:00,2026-05-27,ORD,DEN,,B11,01:20,IN,SSR
1269,2824,UA,320,4284,2026-05-27 06:16:00,2026-05-26 21:42:00,2026-05-27 06:16:00,2026-05-27,ORD,BWI,,C30,08:34,IN,S SSR
2428,2229,UA,7M9,7547,2026-05-27 06:56:00,2026-05-26 22:18:00,2026-05-27 06:56:00,2026-05-27,ORD,SAN,,E16,08:38,IN,S SSR
4548,4483,G7,CR5,N549GJ,2026-05-27 07:06:00,2026-05-26 21:10:00,2026-05-27 07:06:00,2026-05-27,ORD,TYS,,F11,09:56,IN,S SSR
2277,1640,UA,7M9,7450,2026-05-27 07:41:00,2026-05-27 05:39:00,2026-05-27 07:41:00,2026-05-27,ORD,IAD,,B9,02:02,IN,SSR
4414,4438,G7,CR5,N526GJ,2026-05-27 08:36:00,2026-05-27 07:23:00,2026-05-27 08:36:00,2026-05-27,ORD,XNA,,F15,01:13,IN,
5383,4651,OO,E7W,N124SY,2026-05-27 08:41:00,2026-05-27 07:48:00,2026-05-27 08:41:00,2026-05-27,ORD,MSN,,F6,00:53,IN,SSR
660,729,UA,321,4551,2026-05-27 08:42:00,2026-05-27 06:14:00,2026-05-27 08:42:00,2026-05-27,ORD,SAN,,E8,02:28,IN,SSR
4529,4565,G7,CR5,N580GJ,2026-05-27 08:44:00,2026-05-27 07:51:00,2026-05-27 08:44:00,2026-05-27,ORD,SGF,,F19,00:53,IN,SSR
5949,4788,OO,CRJ,N445SW,2026-05-27 08:45:00,2026-05-27 08:25:00,2026-05-27 08:45:00,2026-05-27,ORD,PIA,,B24,00:20,IN,Q
2044,424,UA,737,3709,2026-05-27 08:46:00,2026-05-27 07:57:00,2026-05-27 08:46:00,2026-05-27,ORD,SNA,,C29,00:49,IN,SSR
2814,2278,UA,753,3863,2026-05-27 08:47:00,2026-05-27 04:57:00,2026-05-27 08:47:00,2026-05-27,ORD,LAX,,C9,03:50,IN,SSR
535,1044,UA,7M9,7573,2026-05-27 08:47:00,2026-05-27 07:43:00,2026-05-27 08:47:00,2026-05-27,ORD,IAH,,B6,01:04,IN,SSR
6034,4700,OO,E7W,N162SY,2026-05-27 08:59:00,2026-05-27 06:20:00,2026-05-27 08:59:00,2026-05-27,ORD,OKC,,F20,02:39,IN,SSR
1117,2672,UA,739,3883,2026-05-27 09:11:00,2026-05-27 08:11:00,2026-05-27 09:11:00,2026-05-27,ORD,BOS,,C21,01:00,IN,SSR
567,2809,UA,319,4897,2026-05-27 10:21:00,2026-05-27 09:23:00,2026-05-27 10:21:00,2026-05-27,ORD,PIT,,C31,00:58,IN,SSR
441,623,UA,738,3532,2026-05-27 10:26:00,2026-05-27 09:30:00,2026-05-27 10:26:00,2026-05-27,ORD,DFW,,C21,00:56,IN,SSR
5968,5635,OO,E7W,N87367,2026-05-27 10:31:00,2026-05-27 09:29:00,2026-05-27 10:31:00,2026-05-27,ORD,IND,,F9,01:02,IN,
4780,5534,OO,CRJ,N956SW,2026-05-27 10:37:00,2026-05-27 09:34:00,2026-05-27 10:37:00,2026-05-27,ORD,CAK,,F24,01:03,IN,SSR
3678,3534,YX,E7W,N780YX,2026-05-27 10:37:00,2026-05-27 07:31:00,2026-05-27 10:37:00,2026-05-27,ORD,YOW,,C8,03:06,IN,SSR
1377,1857,UA,319,4881,2026-05-27 10:43:00,2026-05-27 09:32:00,2026-05-27 10:43:00,2026-05-27,ORD,MYR,,G6,01:11,IN,SSR
2653,2189,UA,7M9,7582,2026-05-27 10:44:00,2026-05-27 09:27:00,2026-05-27 10:44:00,2026-05-27,ORD,BWI,,G2,01:17,IN,SSR
1733,567,UA,321,4542,2026-05-27 10:53:00,2026-05-27 08:53:00,2026-05-27 10:53:00,2026-05-27,ORD,LAS,,B10,02:00,IN,SSR
2008,1775,UA,321,4527,2026-05-27 10:56:00,2026-05-27 09:25:00,2026-05-27 10:56:00,2026-05-27,ORD,MCO,,B9,01:31,IN,SSR
1834,1834,UA,739,3813,2026-05-27 11:15:00,2026-05-27 10:01:00,2026-05-27 11:15:00,2026-05-27,ORD,TPA,,B8,01:14,IN,SSR
5213,5131,OO,CRJ,N920EV,2026-05-27 12:36:00,2026-05-27 11:30:00,2026-05-27 12:36:00,2026-05-27,ORD,LNK,,F23,01:06,IN,
247,609,UA,320,4253,2026-05-27 12:36:00,2026-05-27 11:16:00,2026-05-27 12:36:00,2026-05-27,ORD,OMA,,B20,01:20,IN,SSR
4436,4407,G7,CR5,N521GJ,2026-05-27 12:41:00,2026-05-27 11:42:00,2026-05-27 12:41:00,2026-05-27,ORD,SGF,,F26,00:59,IN,SSR
3702,3663,YX,E7W,N761YX,2026-05-27 12:54:00,2026-05-27 11:47:00,2026-05-27 12:54:00,2026-05-27,ORD,IND,,C7,01:07,IN,SSR
2683,1252,UA,739,3848,2026-05-27 12:56:00,2026-05-27 11:55:00,2026-05-27 12:56:00,2026-05-27,ORD,SAN,,C11,01:01,IN,SSR
4501,4439,G7,CR5,N523GJ,2026-05-27 13:51:00,2026-05-27 12:59:00,2026-05-27 13:51:00,2026-05-27,ORD,AVP,,F6,00:52,IN,SSR
4772,5361,OO,CR5,N793SK,2026-05-27 13:56:00,2026-05-27 11:55:00,2026-05-27 13:56:00,2026-05-27,ORD,TVC,,E14,02:01,IN,SSR
6010,5810,OO,E7W,N202SY,2026-05-27 14:01:00,2026-05-27 13:09:00,2026-05-27 14:01:00,2026-05-27,ORD,MSY,,F18,00:52,IN,SSR
1057,1875,UA,739,3467,2026-05-27 14:22:00,2026-05-27 12:51:00,2026-05-27 14:22:00,2026-05-27,ORD,TPA,,E17,01:31,IN,SSR
3531,3605,YX,E7W,N725YX,2026-05-27 14:52:00,2026-05-27 14:23:00,2026-05-27 14:52:00,2026-05-27,ORD,YYZ,,E5,00:29,IN,Q SSR
5287,5320,OO,CRJ,N980SW,2026-05-27 15:31:00,2026-05-27 13:37:00,2026-05-27 15:31:00,2026-05-27,ORD,LIT,,E4,01:54,IN,SSR
5907,4752,OO,CRJ,N956SW,2026-05-27 15:31:00,2026-05-27 15:01:00,2026-05-27 15:31:00,2026-05-27,ORD,GRB,,F1,00:30,IN,SSR
1875,2683,UA,321,4520,2026-05-27 15:50:00,2026-05-27 12:43:00,2026-05-27 15:50:00,2026-05-27,ORD,LAS,,B10,03:07,IN,SSR
1801,2865,UA,321,4555,2026-05-27 16:16:00,2026-05-27 15:13:00,2026-05-27 16:16:00,2026-05-27,ORD,SEA,,B14,01:03,IN,SSR
3418,3668,YX,E7W,N781YX,2026-05-27 16:40:00,2026-05-27 15:00:00,2026-05-27 16:40:00,2026-05-27,ORD,IND,,C6,01:40,IN,SSR
5232,4673,OO,E7W,N145SY,2026-05-27 17:41:00,2026-05-27 16:40:00,2026-05-27 17:41:00,2026-05-27,ORD,DTW,,F9,01:01,IN,SSR
4445,4409,G7,CR5,N501GJ,2026-05-27 17:41:00,2026-05-27 17:03:00,2026-05-27 17:41:00,2026-05-27,ORD,AVP,,F16,00:38,IN,SSR
5555,5297,OO,CRJ,N920EV,2026-05-27 17:41:00,2026-05-27 16:45:00,2026-05-27 17:41:00,2026-05-27,ORD,MKE,,F24,00:56,IN,
4478,4466,G7,CR5,N521GJ,2026-05-27 17:51:00,2026-05-27 16:43:00,2026-05-27 17:51:00,2026-05-27,ORD,CAE,,F19,01:08,IN,SSR
5681,5285,OO,E7W,N162SY,2026-05-27 17:55:00,2026-05-27 16:08:00,2026-05-27 17:55:00,2026-05-27,ORD,BGR,,F12,01:47,IN,SSR
953,908,UA,788,3909,2026-05-27 17:56:00,2026-05-27 13:40:00,2026-05-27 17:56:00,2026-05-27,ORD,MUC,,C20,04:16,IN,SSR
1335,2362,UA,739,3463,2026-05-27 18:13:00,2026-05-27 17:07:00,2026-05-27 18:13:00,2026-05-27,ORD,BUF,,E14,01:06,IN,SSR
2294,1748,UA,739,3888,2026-05-27 18:15:00,2026-05-27 16:33:00,2026-05-27 18:15:00,2026-05-27,ORD,FLL,,E11,01:42,IN,SSR
2331,2265,UA,321,4557,2026-05-27 18:16:00,2026-05-27 17:10:00,2026-05-27 18:16:00,2026-05-27,ORD,BOS,,B5,01:06,IN,SSR
1504,2680,UA,319,4036,2026-05-27 18:18:00,2026-05-27 16:48:00,2026-05-27 18:18:00,2026-05-27,ORD,YOW,,C30,01:30,IN,SSR
909,770,UA,788,3906,2026-05-27 18:26:00,2026-05-26 17:35:00,2026-05-27 18:26:00,2026-05-27,ORD,AMS,,C18,24:51,IN,SSR
1800,1673,UA,7M9,7419,2026-05-27 19:41:00,2026-05-27 18:32:00,2026-05-27 19:41:00,2026-05-27,ORD,BOS,,C22,01:09,IN,
5314,5957,OO,CRJ,N986SW,2026-05-27 19:47:00,2026-05-27 18:57:00,2026-05-27 19:47:00,2026-05-27,ORD,LNK,,F14,00:50,IN,
5645,5702,OO,E7W,N601UX,2026-05-27 19:56:00,2026-05-27 19:13:00,2026-05-27 19:56:00,2026-05-27,ORD,YWG,,E5,00:43,IN,SSR
4183,4400,G7,CR5,N511GJ,2026-05-27 19:56:00,2026-05-27 18:39:00,2026-05-27 19:56:00,2026-05-27,ORD,MLI,,F21,01:17,IN,
5576,4718,OO,E7W,N140SY,2026-05-27 21:21:00,2026-05-27 20:17:00,2026-05-27 21:21:00,2026-05-27,ORD,FSD,,F28,01:04,IN,
457,2798,UA,739,3421,2026-05-27 21:25:00,2026-05-27 20:16:00,2026-05-27 21:25:00,2026-05-27,ORD,CLE,,C28,01:09,IN,SSR
2665,1131,UA,739,3842,2026-05-27 21:32:00,2026-05-27 20:27:00,2026-05-27 21:32:00,2026-05-27,ORD,IAH,,E11,01:05,IN,
246,457,UA,753,3859,2026-05-27 06:10:00,2026-05-26 19:05:00,2026-05-27 06:10:00,2026-05-27,ORD,SFO,,C23,11:05,IN,S SSR
1186,1884,UA,7M9,7416,2026-05-27 06:12:00,2026-05-26 18:43:00,2026-05-27 06:12:00,2026-05-27,ORD,BOS,,E14,11:29,IN,S SSR
5601,5621,OO,E7W,N601UX,2026-05-27 06:37:00,2026-05-26 20:34:00,2026-05-27 06:37:00,2026-05-27,ORD,AVL,,F16,10:03,IN,S
341,2077,UA,321,4562,2026-05-27 06:57:00,2026-05-26 22:46:00,2026-05-27 06:57:00,2026-05-27,ORD,SEA,,G4,08:11,IN,S SSR
574,1490,UA,7M9,7402,2026-05-27 07:08:00,2026-05-27 06:00:00,2026-05-27 07:08:00,2026-05-27,ORD,LAS,,C22,01:08,IN,SSR
2702,1672,UA,321,4547,2026-05-27 07:27:00,2026-05-27 00:40:00,2026-05-27 07:27:00,2026-05-27,ORD,FLL,,E11,06:47,IN,S SSR
2034,2218,UA,319,4889,2026-05-27 07:27:00,2026-05-26 22:00:00,2026-05-27 07:27:00,2026-05-27,ORD,ALB,,C31,09:27,IN,S
1008,1491,UA,738,3280,2026-05-27 08:42:00,2026-05-24 12:09:00,2026-05-27 08:42:00,2026-05-27,ORD,SBA,,C18A,68:33,IN,S U SSR
4809,4667,OO,E7W,N638SY,2026-05-27 08:49:00,2026-05-27 08:05:00,2026-05-27 08:49:00,2026-05-27,ORD,ICT,,F9,00:44,IN,SSR
581,723,UA,319,4042,2026-05-27 08:49:00,2026-05-27 07:53:00,2026-05-27 08:49:00,2026-05-27,ORD,DSM,,B9,00:56,IN,
2846,1641,UA,319,4895,2026-05-27 09:12:00,2026-05-26 18:27:00,2026-05-27 09:12:00,2026-05-27,ORD,ABQ,,B22,14:45,IN,SSR
359,2427,UA,7M8,7265,2026-05-27 09:16:00,2026-05-27 07:41:00,2026-05-27 09:16:00,2026-05-27,ORD,MEX,,B7,01:35,IN,SSR
1606,2767,UA,739,3441,2026-05-27 10:22:00,2026-05-27 09:05:00,2026-05-27 10:22:00,2026-05-27,ORD,BOS,,B6,01:17,IN,SSR
2849,752,UA,739,3818,2026-05-27 10:32:00,2026-05-27 09:12:00,2026-05-27 10:32:00,2026-05-27,ORD,CMH,,E16,01:20,IN,
2414,2414,UA,739,3448,2026-05-27 10:32:00,2026-05-27 09:19:00,2026-05-27 10:32:00,2026-05-27,ORD,BNA,,C29,01:13,IN,
3653,3632,YX,E7W,N750YX,2026-05-27 10:32:00,2026-05-27 09:38:00,2026-05-27 10:32:00,2026-05-27,ORD,YQB,,E4,00:54,IN,SSR
5763,5272,OO,E7W,N208SY,2026-05-27 10:37:00,2026-05-27 09:31:00,2026-05-27 10:37:00,2026-05-27,ORD,YHZ,,F20,01:06,IN,SSR
5756,4707,OO,E7W,N163SY,2026-05-27 10:47:00,2026-05-27 07:44:00,2026-05-27 10:47:00,2026-05-27,ORD,DTW,,F16,03:03,IN,SSR
786,763,UA,738,3511,2026-05-27 10:50:00,2026-05-27 09:45:00,2026-05-27 10:50:00,2026-05-27,ORD,BTV,,E17,01:05,IN,SSR
2804,1061,UA,7M8,7260,2026-05-27 10:52:00,2026-05-27 09:37:00,2026-05-27 10:52:00,2026-05-27,ORD,PWM,,C7,01:15,IN,SSR
5981,5910,OO,CRJ,N986SW,2026-05-27 10:57:00,2026-05-27 09:05:00,2026-05-27 10:57:00,2026-05-27,ORD,FNT,,F11,01:52,IN,SSR
2287,2182,UA,7M9,7449,2026-05-27 11:02:00,2026-05-27 10:08:00,2026-05-27 11:02:00,2026-05-27,ORD,SRQ,,B4,00:54,IN,SSR
4443,4517,G7,CR5,N535GJ,2026-05-27 12:37:00,2026-05-27 11:26:00,2026-05-27 12:37:00,2026-05-27,ORD,FSD,,F11,01:11,IN,SSR
561,455,UA,320,4632,2026-05-27 12:37:00,2026-05-27 11:26:00,2026-05-27 12:37:00,2026-05-27,ORD,MCI,,B21,01:11,IN,SSR
1554,2298,UA,319,4022,2026-05-27 12:37:00,2026-05-27 11:05:00,2026-05-27 12:37:00,2026-05-27,ORD,MSP,,B19,01:32,IN,SSR
794,1334,UA,739,3815,2026-05-27 12:50:00,2026-05-27 11:55:00,2026-05-27 12:50:00,2026-05-27,ORD,BOS,,B14,00:55,IN,Q SSR
3509,3418,YX,E7W,N772YX,2026-05-27 13:52:00,2026-05-27 13:05:00,2026-05-27 13:52:00,2026-05-27,ORD,YOW,,F20,00:47,IN,
5448,5473,OO,CRJ,N970SW,2026-05-27 13:52:00,2026-05-27 12:17:00,2026-05-27 13:52:00,2026-05-27,ORD,FWA,,F5,01:35,IN,
4554,4397,G7,CR5,N501GJ,2026-05-27 13:52:00,2026-05-27 12:16:00,2026-05-27 13:52:00,2026-05-27,ORD,GRB,,G20,01:36,IN,SSR
2298,356,UA,7M9,7405,2026-05-27 14:17:00,2026-05-27 12:25:00,2026-05-27 14:17:00,2026-05-27,ORD,MSP,,C1,01:52,IN,SSR
1550,1057,UA,737,3703,2026-05-27 14:22:00,2026-05-27 13:25:00,2026-05-27 14:22:00,2026-05-27,ORD,BWI,,B8,00:57,IN,
4465,4168,G7,CR5,N503GJ,2026-05-27 14:27:00,2026-05-27 13:47:00,2026-05-27 14:27:00,2026-05-27,ORD,CHA,,F23,00:40,IN,
2251,2053,UA,739,3457,2026-05-27 15:54:00,2026-05-27 14:46:00,2026-05-27 15:54:00,2026-05-27,ORD,SFO,,C28,01:08,IN,SSR
4165,4458,G7,CR5,N539GJ,2026-05-27 16:27:00,2026-05-27 15:55:00,2026-05-27 16:27:00,2026-05-27,ORD,DAY,,F19,00:32,IN,SSR
5664,5381,OO,E7W,N163SY,2026-05-27 16:33:00,2026-05-27 14:38:00,2026-05-27 16:33:00,2026-05-27,ORD,DSM,,E10,01:55,IN,SSR
1954,2703,UA,321,4547,2026-05-27 17:42:00,2026-05-27 15:06:00,2026-05-27 17:42:00,2026-05-27,ORD,IAH,,C11,02:36,IN,"<font id=""exportDisplay"" color=#ff0000 style=""display: none;"">V</font> SSR"
5990,4641,OO,E7W,N133SY,2026-05-27 17:47:00,2026-05-27 16:14:00,2026-05-27 17:47:00,2026-05-27,ORD,DSM,,F10,01:33,IN,SSR
4636,4685,OO,CR5,N723EV,2026-05-27 17:52:00,2026-05-27 17:15:00,2026-05-27 17:52:00,2026-05-27,ORD,SBN,,E3,00:37,IN,SSR
920,959,UA,763,6675,2026-05-27 18:12:00,2026-05-27 14:03:00,2026-05-27 18:12:00,2026-05-27,ORD,LHR,,C19,04:09,IN,SSR
1946,2458,UA,7M9,7506,2026-05-27 18:12:00,2026-05-27 16:17:00,2026-05-27 18:12:00,2026-05-27,ORD,PIT,,C22,01:55,IN,SSR
636,1623,UA,739,3419,2026-05-27 18:22:00,2026-05-27 17:04:00,2026-05-27 18:22:00,2026-05-27,ORD,BTV,,B4,01:18,IN,SSR
4448,4451,G7,CR5,N580GJ,2026-05-27 19:42:00,2026-05-27 18:36:00,2026-05-27 19:42:00,2026-05-27,ORD,FAR,,F15,01:06,IN,SSR
1641,308,UA,7M9,7425,2026-05-27 20:02:00,2026-05-27 18:32:00,2026-05-27 20:02:00,2026-05-27,ORD,CLE,,E11,01:30,IN,SSR
1761,602,UA,739,3426,2026-05-27 20:08:00,2026-05-27 19:15:00,2026-05-27 20:08:00,2026-05-27,ORD,MSY,,C26,00:53,IN,Q SSR
2700,2832,UA,320,4279,2026-05-27 21:17:00,2026-05-27 20:42:00,2026-05-27 21:17:00,2026-05-27,ORD,TYS,,E17,00:35,IN,Q
3660,3696,YX,E7W,N741YX,2026-05-27 21:22:00,2026-05-27 18:52:00,2026-05-27 21:22:00,2026-05-27,ORD,IND,,C8,02:30,IN,SSR
2798,2148,UA,319,4889,2026-05-27 21:26:00,2026-05-27 20:00:00,2026-05-27 21:26:00,2026-05-27,ORD,ORF,,B19,01:26,IN,SSR
2622,2171,UA,7M9,7419,2026-05-27 06:58:00,2026-05-27 05:30:00,2026-05-27 06:58:00,2026-05-27,ORD,SAV,,C20,01:28,IN,SSR
3498,3479,YX,E7W,N765YX,2026-05-27 07:04:00,2026-05-27 06:33:00,2026-05-27 07:04:00,2026-05-27,ORD,CVG,,C8,00:31,IN,Q SSR
3662,3696,YX,E7W,N762YX,2026-05-27 07:05:00,2026-05-26 18:56:00,2026-05-27 07:05:00,2026-05-27,ORD,CLT,,C4,12:09,IN,S
2280,1777,UA,777,2020,2026-05-27 07:27:00,2026-05-26 22:03:00,2026-05-27 07:27:00,2026-05-27,ORD,MCO,,B16,09:24,IN,S SSR
2301,119,UA,752,3108,2026-05-27 08:43:00,2026-05-26 14:17:00,2026-05-27 08:43:00,2026-05-27,ORD,EWR,,C23,18:26,IN,S SSR
2225,2336,UA,739,3835,2026-05-27 09:00:00,2026-05-26 20:37:00,2026-05-27 09:00:00,2026-05-27,ORD,PHX,,C25,12:23,IN,SSR
1198,546,UA,739,3832,2026-05-27 09:15:00,2026-05-26 21:47:00,2026-05-27 09:15:00,2026-05-27,ORD,CUN,,E11,11:28,IN,
2684,247,UA,319,4037,2026-05-27 10:28:00,2026-05-27 09:06:00,2026-05-27 10:28:00,2026-05-27,ORD,ATL,,B19,01:22,IN,SSR
3646,3461,YX,E7W,N723YX,2026-05-27 10:33:00,2026-05-27 09:34:00,2026-05-27 10:33:00,2026-05-27,ORD,CHS,,E7,00:59,IN,SSR
279,1695,UA,739,3460,2026-05-27 10:47:00,2026-05-27 09:16:00,2026-05-27 10:47:00,2026-05-27,ORD,FLL,,E14,01:31,IN,SSR
1044,2487,UA,753,3855,2026-05-27 10:51:00,2026-05-26 20:38:00,2026-05-27 10:51:00,2026-05-27,ORD,LAX,,C11,14:13,IN,SSR
1869,293,UA,739,3418,2026-05-27 11:01:00,2026-05-27 09:21:00,2026-05-27 11:01:00,2026-05-27,ORD,IAD,,C9,01:40,IN,SSR
881,218,UA,787,1019,2026-05-27 12:13:00,2026-05-26 04:57:00,2026-05-27 12:13:00,2026-05-27,ORD,HND,,C16,31:16,IN,SSR
5414,4742,OO,E7W,N167SY,2026-05-27 12:40:00,2026-05-27 11:21:00,2026-05-27 12:40:00,2026-05-27,ORD,MEM,,E10,01:19,IN,SSR
1660,580,UA,739,3880,2026-05-27 12:58:00,2026-05-27 11:05:00,2026-05-27 12:58:00,2026-05-27,ORD,SEA,,C25,01:53,IN,"<font id=""exportDisplay"" color=#ff0000 style=""display: none;"">V</font> SSR"
1363,2000,UA,321,4536,2026-05-27 12:58:00,2026-05-27 11:17:00,2026-05-27 12:58:00,2026-05-27,ORD,LAX,,B12,01:41,IN,SSR
767,609,UA,321,4563,2026-05-27 13:03:00,2026-05-26 11:16:00,2026-05-27 13:03:00,2026-05-27,ORD,DEN,,C23,25:47,IN,SSR
4479,4508,G7,CR5,N526GJ,2026-05-27 13:58:00,2026-05-27 12:54:00,2026-05-27 13:58:00,2026-05-27,ORD,ATW,,F26,01:04,IN,SSR
4582,4600,G7,CR5,N541GJ,2026-05-27 14:08:00,2026-05-27 12:26:00,2026-05-27 14:08:00,2026-05-27,ORD,LEX,,F27,01:42,IN,SSR
5810,5419,OO,E7W,N87367,2026-05-27 14:42:00,2026-05-27 13:46:00,2026-05-27 14:42:00,2026-05-27,ORD,DAY,,F28,00:56,IN,SSR
4482,4571,G7,CR5,N561GJ,2026-05-27 15:41:00,2026-05-27 15:09:00,2026-05-27 15:41:00,2026-05-27,ORD,TUL,,F12,00:32,IN,
1755,1410,UA,319,4042,2026-05-27 15:58:00,2026-05-27 14:42:00,2026-05-27 15:58:00,2026-05-27,ORD,DCA,,G4,01:16,IN,SSR
5608,5375,OO,E7W,N87364,2026-05-27 15:58:00,2026-05-27 14:23:00,2026-05-27 15:58:00,2026-05-27,ORD,DTW,,B19,01:35,IN,
714,1755,UA,321,4512,2026-05-27 16:03:00,2026-05-27 14:30:00,2026-05-27 16:03:00,2026-05-27,ORD,IAH,,B7,01:33,IN,SSR
929,12,UA,763,6668,2026-05-27 16:28:00,2026-05-27 12:38:00,2026-05-27 16:28:00,2026-05-27,ORD,LHR,,C15,03:50,IN,SSR
3410,3427,YX,E7W,N786YX,2026-05-27 16:29:00,2026-05-27 15:36:00,2026-05-27 16:29:00,2026-05-27,ORD,SDF,,C8,00:53,IN,
4428,4404,G7,CR5,N557GJ,2026-05-27 16:43:00,2026-05-27 14:33:00,2026-05-27 16:43:00,2026-05-27,ORD,CID,,F21,02:10,IN,SSR
600,2466,UA,739,3830,2026-05-27 16:43:00,2026-05-27 12:55:00,2026-05-27 16:43:00,2026-05-27,ORD,LAX,,C17,03:48,IN,SSR
6022,5122,OO,CRJ,N982SW,2026-05-27 16:45:00,2026-05-27 16:05:00,2026-05-27 16:45:00,2026-05-27,ORD,MKE,,E3,00:40,IN,SSR
456,1398,UA,321,4526,2026-05-27 16:58:00,2026-05-27 15:40:00,2026-05-27 16:58:00,2026-05-27,ORD,DCA,,B5,01:18,IN,SSR
3496,3542,YX,E7W,N749YX,2026-05-27 17:53:00,2026-05-27 16:41:00,2026-05-27 17:53:00,2026-05-27,ORD,SAV,,C4,01:12,IN,SSR
5352,5436,OO,CRJ,N970SW,2026-05-27 17:54:00,2026-05-27 16:49:00,2026-05-27 17:54:00,2026-05-27,ORD,CAK,,B24,01:05,IN,
2202,2770,UA,739,3804,2026-05-27 18:10:00,2026-05-27 16:15:00,2026-05-27 18:10:00,2026-05-27,ORD,IAD,,B10,01:55,IN,SSR
118,2788,UA,752,3133,2026-05-27 18:38:00,2026-05-27 16:47:00,2026-05-27 18:38:00,2026-05-27,ORD,EDI,,C15,01:51,IN,U SSR
1475,2827,UA,7M9,7445,2026-05-27 18:38:00,2026-05-27 17:17:00,2026-05-27 18:38:00,2026-05-27,ORD,IAH,,C27,01:21,IN,SSR
5392,5747,OO,E7W,N127SY,2026-05-27 19:43:00,2026-05-27 18:18:00,2026-05-27 19:43:00,2026-05-27,ORD,OKC,,F7,01:25,IN,SSR
4500,4615,G7,CR5,N544GJ,2026-05-27 19:45:00,2026-05-27 18:52:00,2026-05-27 19:45:00,2026-05-27,ORD,HSV,,F16,00:53,IN,Q SSR
2317,2860,UA,319,4054,2026-05-27 20:01:00,2026-05-27 19:06:00,2026-05-27 20:01:00,2026-05-27,ORD,MEM,,C31,00:55,IN,SSR
5573,5784,OO,E7W,N125SY,2026-05-27 21:20:00,2026-05-27 20:27:00,2026-05-27 21:20:00,2026-05-27,ORD,ATW,,F7,00:53,IN,SSR
5334,4644,OO,CRJ,N479CA,2026-05-27 21:23:00,2026-05-27 18:47:00,2026-05-27 21:23:00,2026-05-27,ORD,FWA,,F22,02:36,IN,SSR
2310,787,UA,739,3420,2026-05-27 05:29:00,2026-05-27 00:24:00,2026-05-27 05:29:00,2026-05-27,ORD,IAH,,B7,05:05,IN,S SSR
2295,1430,UA,321,4570,2026-05-27 05:59:00,2026-05-27 00:12:00,2026-05-27 05:59:00,2026-05-27,ORD,EWR,,G6,05:47,IN,S SSR
528,2805,UA,319,4002,2026-05-27 08:44:00,2026-05-27 07:18:00,2026-05-27 08:44:00,2026-05-27,ORD,DFW,,E14,01:26,IN,
3479,3429,YX,E7W,N781YX,2026-05-27 09:09:00,2026-05-27 07:51:00,2026-05-27 09:09:00,2026-05-27,ORD,RDU,,B18,01:18,IN,SSR
1659,512,UA,739,3453,2026-05-27 10:32:00,2026-05-27 09:06:00,2026-05-27 10:32:00,2026-05-27,ORD,CUN,,C17,01:26,IN,SSR
1620,2151,UA,738,3263,2026-05-27 10:39:00,2026-05-27 09:22:00,2026-05-27 10:39:00,2026-05-27,ORD,MIA,,C25,01:17,IN,SSR
365,1008,UA,739,3426,2026-05-27 10:43:00,2026-05-27 07:10:00,2026-05-27 10:43:00,2026-05-27,ORD,CVG,,C27,03:33,IN,SSR
5078,4739,OO,CRJ,N982SW,2026-05-27 12:34:00,2026-05-27 11:32:00,2026-05-27 12:34:00,2026-05-27,ORD,EAU,,F1,01:02,IN,SSR
3432,3595,YX,E7W,N764YX,2026-05-27 12:39:00,2026-05-27 12:01:00,2026-05-27 12:39:00,2026-05-27,ORD,PIT,,C4,00:38,IN,SSR
623,1746,UA,7M9,7525,2026-05-27 12:44:00,2026-05-27 11:18:00,2026-05-27 12:44:00,2026-05-27,ORD,BZN,,E16,01:26,IN,SSR
5999,5296,OO,CR5,N572GJ,2026-05-27 12:44:00,2026-05-26 20:08:00,2026-05-27 12:44:00,2026-05-27,ORD,OKC,,F22,16:36,IN,SSR
3570,3485,YX,E7W,N752YX,2026-05-27 13:24:00,2026-05-27 12:36:00,2026-05-27 13:24:00,2026-05-27,ORD,CID,,C31,00:48,IN,SSR
1525,2343,UA,738,3238,2026-05-27 13:28:00,2026-05-27 12:17:00,2026-05-27 13:28:00,2026-05-27,ORD,PDX,,C15,01:11,IN,SSR
4526,4525,G7,CR5,N580GJ,2026-05-27 13:54:00,2026-05-27 13:28:00,2026-05-27 13:54:00,2026-05-27,ORD,GSO,,F15,00:26,IN,Q SSR
4747,5335,OO,CRJ,N916EV,2026-05-27 13:54:00,2026-05-27 11:45:00,2026-05-27 13:54:00,2026-05-27,ORD,LNK,,E3,02:09,IN,SSR
5767,5732,OO,E7W,N125SY,2026-05-27 14:01:00,2026-05-27 13:00:00,2026-05-27 14:01:00,2026-05-27,ORD,PWM,,F1,01:01,IN,SSR
1129,1862,UA,739,3896,2026-05-27 14:19:00,2026-05-27 12:41:00,2026-05-27 14:19:00,2026-05-27,ORD,CVG,,E15,01:38,IN,SSR
695,2329,UA,321,4546,2026-05-27 14:37:00,2026-05-27 13:27:00,2026-05-27 14:37:00,2026-05-27,ORD,SJU,,B11,01:10,IN,SSR
5672,5391,OO,CRJ,N463SW,2026-05-27 15:39:00,2026-05-27 13:32:00,2026-05-27 15:39:00,2026-05-27,ORD,DLH,,F7,02:07,IN,SSR
2437,2223,UA,739,3451,2026-05-27 15:52:00,2026-05-27 14:16:00,2026-05-27 15:52:00,2026-05-27,ORD,IAD,,C29,01:36,IN,SSR
745,2784,UA,739,3433,2026-05-27 16:04:00,2026-05-27 14:59:00,2026-05-27 16:04:00,2026-05-27,ORD,SAN,,C25,01:05,IN,SSR
6075,5029,OO,CRJ,N461SW,2026-05-27 16:19:00,2026-05-27 15:25:00,2026-05-27 16:19:00,2026-05-27,ORD,FOD,,F24,00:54,IN,SSR
2605,340,UA,319,4895,2026-05-27 17:44:00,2026-05-27 16:58:00,2026-05-27 17:44:00,2026-05-27,ORD,CID,,B22,00:46,IN,SSR
4778,5260,OO,CR5,N788SK,2026-05-27 17:44:00,2026-05-27 14:41:00,2026-05-27 17:44:00,2026-05-27,ORD,MSN,,B23,03:03,IN,SSR
3598,3426,YX,E7W,N753YX,2026-05-27 17:49:00,2026-05-27 16:37:00,2026-05-27 17:49:00,2026-05-27,ORD,SDF,,B18,01:12,IN,SSR
1178,516,UA,319,4013,2026-05-27 18:14:00,2026-05-27 17:12:00,2026-05-27 18:14:00,2026-05-27,ORD,ORF,,C31,01:02,IN,SSR
1568,1196,UA,739,3885,2026-05-27 18:29:00,2026-05-27 15:41:00,2026-05-27 18:29:00,2026-05-27,ORD,ROC,,C25,02:48,IN,SSR
5499,4698,OO,CRJ,N873AS,2026-05-27 19:44:00,2026-05-27 18:27:00,2026-05-27 19:44:00,2026-05-27,ORD,SBN,,F6,01:17,IN,SSR
3707,3659,YX,E7W,N739YX,2026-05-27 19:44:00,2026-05-27 18:45:00,2026-05-27 19:44:00,2026-05-27,ORD,IND,,F28,00:59,IN,SSR
1842,1182,UA,320,4249,2026-05-27 19:44:00,2026-05-27 18:29:00,2026-05-27 19:44:00,2026-05-27,ORD,FSD,,B19,01:15,IN,SSR
5719,4749,OO,E7W,N87367,2026-05-27 19:49:00,2026-05-27 18:34:00,2026-05-27 19:49:00,2026-05-27,ORD,TUS,,E4,01:15,IN,SSR
481,1639,UA,319,4041,2026-05-27 19:49:00,2026-05-27 18:52:00,2026-05-27 19:49:00,2026-05-27,ORD,SJC,,E7,00:57,IN,SSR
2005,2627,UA,739,3819,2026-05-27 19:56:00,2026-05-27 18:44:00,2026-05-27 19:56:00,2026-05-27,ORD,MSP,,B4,01:12,IN,SSR
2747,1641,UA,319,4040,2026-05-27 20:13:00,2026-05-27 18:57:00,2026-05-27 20:13:00,2026-05-27,ORD,ATL,,C27,01:16,IN,
658,538,UA,739,3810,2026-05-27 20:17:00,2026-05-27 18:09:00,2026-05-27 20:17:00,2026-05-27,ORD,ONT,,B8,02:08,IN,SSR
5982,5606,OO,CR5,N791SK,2026-05-27 21:19:00,2026-05-27 19:04:00,2026-05-27 21:19:00,2026-05-27,ORD,CAK,,E9,02:15,IN,SSR
3659,3616,YX,E7W,N786YX,2026-05-27 21:19:00,2026-05-27 20:19:00,2026-05-27 21:19:00,2026-05-27,ORD,SDF,,F20,01:00,IN,SSR
4603,4579,G7,CR5,N576GJ,2026-05-27 21:24:00,2026-05-27 20:26:00,2026-05-27 21:24:00,2026-05-27,ORD,PIA,,E8,00:58,IN,
3937,--,UA,320,4902,2026-05-27 05:00:00,,2026-05-27 05:00:00,2026-05-27,ORD,MDT,,B22,--,CNCL - NP,--
840,660,UA,7M8,7300,2026-05-27 09:04:00,2026-05-27 07:23:00,2026-05-27 09:04:00,2026-05-27,ORD,ANC,,C20,01:41,IN,U SSR
219,844,UA,787,1018,2026-05-27 09:30:00,2026-05-27 06:25:00,2026-05-27 09:30:00,2026-05-27,ORD,HNL,,B17,03:05,IN,"<font id=""exportDisplay"" color=#ff0000 style=""display: none;"">V</font> SSR"
3450,3538,YX,E7W,N727YX,2026-05-27 10:25:00,2026-05-27 09:50:00,2026-05-27 10:25:00,2026-05-27,ORD,CLT,,E8,00:35,IN,Q SSR
2427,786,UA,319,4896,2026-05-27 10:42:00,2026-05-27 08:58:00,2026-05-27 10:42:00,2026-05-27,ORD,JAX,,B21,01:44,IN,SSR
1304,1845,UA,737,3720,2026-05-27 12:55:00,2026-05-27 11:26:00,2026-05-27 12:55:00,2026-05-27,ORD,YYZ,,C28,01:29,IN,
1693,664,UA,739,3882,2026-05-27 13:55:00,2026-05-27 12:35:00,2026-05-27 13:55:00,2026-05-27,ORD,BOS,,C29,01:20,IN,SSR
1821,2635,UA,738,3209,2026-05-27 14:00:00,2026-05-27 12:51:00,2026-05-27 14:00:00,2026-05-27,ORD,LGA,,B9,01:09,IN,
1502,1215,UA,7M9,7419,2026-05-27 14:20:00,2026-05-27 12:46:00,2026-05-27 14:20:00,2026-05-27,ORD,CLE,,B7,01:34,IN,SSR
5804,5521,OO,CRJ,N479CA,2026-05-27 14:30:00,2026-05-27 11:48:00,2026-05-27 14:30:00,2026-05-27,ORD,CRW,,F24,02:42,IN,SSR
2803,2618,UA,321,4538,2026-05-27 14:33:00,2026-05-27 13:20:00,2026-05-27 14:33:00,2026-05-27,ORD,DEN,,C11,01:13,IN,SSR
5867,5386,OO,E7W,N610UX,2026-05-27 14:50:00,2026-05-27 13:28:00,2026-05-27 14:50:00,2026-05-27,ORD,DTW,,F12,01:22,IN,SSR
4766,5764,OO,E7W,N116SY,2026-05-27 15:35:00,2026-05-27 13:08:00,2026-05-27 15:35:00,2026-05-27,ORD,OKC,,C4,02:27,IN,SSR
5447,5714,OO,CRJ,N986SW,2026-05-27 15:35:00,2026-05-27 14:49:00,2026-05-27 15:35:00,2026-05-27,ORD,MLI,,F5,00:46,IN,SSR
2053,1732,UA,739,3446,2026-05-27 16:02:00,2026-05-27 14:11:00,2026-05-27 16:02:00,2026-05-27,ORD,PHX,,B6,01:51,IN,SSR
2223,2494,UA,7M9,7527,2026-05-27 16:09:00,2026-05-27 14:55:00,2026-05-27 16:09:00,2026-05-27,ORD,FAI,,E16,01:14,IN,SSR
6054,5398,OO,E7W,N153SY,2026-05-27 17:55:00,2026-05-27 16:39:00,2026-05-27 17:55:00,2026-05-27,ORD,PVD,,E4,01:16,IN,
5663,5639,OO,E7W,N138SY,2026-05-27 17:55:00,2026-05-27 16:20:00,2026-05-27 17:55:00,2026-05-27,ORD,AVL,,F7,01:35,IN,SSR
1382,2481,UA,321,4566,2026-05-27 17:56:00,2026-05-27 16:33:00,2026-05-27 17:56:00,2026-05-27,ORD,MCO,,B8,01:23,IN,SSR
5301,5623,OO,E7W,N135SY,2026-05-27 18:20:00,2026-05-27 17:47:00,2026-05-27 18:20:00,2026-05-27,ORD,TVC,,E5,00:33,IN,Q SSR
1828,1010,UA,739,3813,2026-05-27 19:58:00,2026-05-27 18:30:00,2026-05-27 19:58:00,2026-05-27,ORD,SMF,,C17,01:28,IN,SSR
5686,5350,OO,CR5,N794SK,2026-05-27 20:00:00,2026-05-27 19:34:00,2026-05-27 20:00:00,2026-05-27,ORD,TVC,,E3,00:26,IN,Q SSR
5538,5586,OO,E7W,N202SY,2026-05-27 21:20:00,2026-05-27 19:58:00,2026-05-27 21:20:00,2026-05-27,ORD,MDT,,E4,01:22,IN,
729,215,UA,739,3419,2026-05-28 09:06:00,2026-05-28 07:50:00,2026-05-28 09:06:00,2026-05-28,ORD,PHL,,G2,01:16,OT,SSR
2300,2197,UA,321,4557,2026-05-27 07:06:00,2026-05-26 21:15:00,2026-05-27 07:06:00,2026-05-27,ORD,PDX,,B6,09:51,IN,S SSR
307,1486,UA,737,3733,2026-05-27 09:06:00,2026-05-27 07:30:00,2026-05-27 09:06:00,2026-05-27,ORD,JAC,,E10,01:36,IN,SSR
723,1491,UA,7M9,7445,2026-05-27 10:31:00,2026-05-27 09:30:00,2026-05-27 10:31:00,2026-05-27,ORD,IAH,,C3,01:01,IN,SSR
2657,1929,UA,739,3839,2026-05-27 12:41:00,2026-05-27 11:08:00,2026-05-27 12:41:00,2026-05-27,ORD,DEN,,C17,01:33,IN,SSR
704,1069,UA,321,4565,2026-05-27 14:22:00,2026-05-27 13:05:00,2026-05-27 14:22:00,2026-05-27,ORD,EWR,,E10,01:17,IN,SSR
3622,3440,YX,E7W,N784YX,2026-05-27 14:23:00,2026-05-27 13:34:00,2026-05-27 14:23:00,2026-05-27,ORD,ALB,,F16,00:49,IN,SSR
5522,5607,OO,CRJ,N915SW,2026-05-27 14:41:00,2026-05-27 13:24:00,2026-05-27 14:41:00,2026-05-27,ORD,MKE,,F19,01:17,IN,"<font id=""exportDisplay"" color=#ff0000 style=""display: none;"">V</font> SSR"
5331,5754,OO,CRJ,N969SW,2026-05-27 15:36:00,2026-05-27 13:22:00,2026-05-27 15:36:00,2026-05-27,ORD,FWA,,F10,02:14,IN,SSR
2329,371,UA,320,4279,2026-05-27 15:48:00,2026-05-27 14:32:00,2026-05-27 15:48:00,2026-05-27,ORD,OMA,,C30,01:16,IN,W SSR
5067,5807,OO,CRJ,N445SW,2026-05-27 16:31:00,2026-05-27 11:35:00,2026-05-27 16:31:00,2026-05-27,ORD,LYH,,B24,04:56,IN,SSR
288,119,UA,752,3140,2026-05-27 18:06:00,2026-05-27 14:00:00,2026-05-27 18:06:00,2026-05-27,ORD,SNN,,C23,04:06,IN,SSR
2481,1655,UA,320,4637,2026-05-27 18:20:00,2026-05-27 16:53:00,2026-05-27 18:20:00,2026-05-27,ORD,SYR,,B21,01:27,IN,SSR
2426,1585,UA,319,4007,2026-05-27 19:48:00,2026-05-27 18:48:00,2026-05-27 19:48:00,2026-05-27,ORD,DTW,,C30,01:00,IN,SSR
4638,6004,OO,E7W,N208SY,2026-05-27 19:51:00,2026-05-27 18:28:00,2026-05-27 19:51:00,2026-05-27,ORD,COS,,F12,01:23,IN,SSR
2783,1625,UA,319,4003,2026-05-27 20:04:00,2026-05-27 18:05:00,2026-05-27 20:04:00,2026-05-27,ORD,MSN,,C1,01:59,IN,SSR
1182,2071,UA,321,4527,2026-05-27 20:11:00,2026-05-27 19:01:00,2026-05-27 20:11:00,2026-05-27,ORD,SAN,,C3,01:10,IN,SSR
912,661,UA,752,3116,2026-05-27 21:36:00,2026-05-27 18:44:00,2026-05-27 21:36:00,2026-05-27,ORD,KEF,,C11,02:52,IN,SSR
2247,2138,UA,739,3815,2026-05-27 07:11:00,2026-05-26 14:46:00,2026-05-27 07:11:00,2026-05-27,ORD,YYZ,,E10,16:25,IN,S
2847,2684,UA,320,4281,2026-05-27 08:47:00,2026-05-27 07:54:00,2026-05-27 08:47:00,2026-05-27,ORD,RAP,,B21,00:53,IN,SSR
2805,1869,UA,319,4054,2026-05-27 08:52:00,2026-05-27 07:33:00,2026-05-27 08:52:00,2026-05-27,ORD,MSP,,C30,01:19,IN,SSR
215,426,UA,320,4279,2026-05-27 10:27:00,2026-05-27 09:32:00,2026-05-27 10:27:00,2026-05-27,ORD,MSP,,B22,00:55,IN,SSR
2389,2627,UA,739,3899,2026-05-27 10:32:00,2026-05-26 21:17:00,2026-05-27 10:32:00,2026-05-27,ORD,CLE,,C15,13:15,IN,SSR
4523,4395,G7,CR5,N511GJ,2026-05-27 13:45:00,2026-05-27 13:09:00,2026-05-27 13:45:00,2026-05-27,ORD,CAE,,F11,00:36,IN,SSR
3,959,UA,763,6462,2026-05-27 15:57:00,2026-05-26 14:09:00,2026-05-27 15:57:00,2026-05-27,ORD,ZRH,,C19,25:48,IN,SSR
5610,5316,OO,E7W,N156SY,2026-05-27 17:47:00,2026-05-27 17:11:00,2026-05-27 17:47:00,2026-05-27,ORD,CHO,,C6,00:36,IN,Q
1015,1352,UA,7M8,7336,2026-05-27 21:57:00,2026-05-27 20:08:00,2026-05-27 21:57:00,2026-05-27,ORD,IAD,,C25,01:49,IN,SSR
5532,5823,OO,CR5,N723EV,2026-05-27 07:13:00,2026-05-25 16:02:00,2026-05-27 07:13:00,2026-05-27,ORD,CHO,,F23,39:11,IN,S SSR
2672,656,UA,738,3223,2026-05-27 10:36:00,2026-05-27 09:19:00,2026-05-27 10:36:00,2026-05-27,ORD,PNS,,C18A,01:17,IN,SSR
5403,4669,OO,E7W,N627SY,2026-05-27 13:58:00,2026-05-27 13:29:00,2026-05-27 13:58:00,2026-05-27,ORD,GSP,,F9,00:29,IN,Q SSR
2142,592,UA,737,3729,2026-05-27 14:15:00,2026-05-27 13:24:00,2026-05-27 14:15:00,2026-05-27,ORD,BNA,,B12,00:51,IN,SSR
5571,5598,OO,E7W,N85377,2026-05-27 14:18:00,2026-05-27 13:30:00,2026-05-27 14:18:00,2026-05-27,ORD,SDF,,G2,00:48,IN,SSR
5739,5570,OO,CRJ,N873AS,2026-05-27 14:42:00,2026-05-27 14:14:00,2026-05-27 14:42:00,2026-05-27,ORD,CAK,,F6,00:28,IN,Q SSR
5732,5587,OO,E7W,N148SY,2026-05-27 15:38:00,2026-05-27 15:04:00,2026-05-27 15:38:00,2026-05-27,ORD,CLE,,E7,00:34,IN,Q
3556,3442,YX,E7W,N787YX,2026-05-27 15:38:00,2026-05-27 15:05:00,2026-05-27 15:38:00,2026-05-27,ORD,IND,,B18,00:33,IN,Q SSR
4173,4383,G7,CR5,N520GJ,2026-05-27 16:42:00,2026-05-27 15:56:00,2026-05-27 16:42:00,2026-05-27,ORD,MDT,,E9,00:46,IN,
2652,1382,UA,738,3531,2026-05-27 17:53:00,2026-05-27 16:12:00,2026-05-27 17:53:00,2026-05-27,ORD,CLE,,G2,01:41,IN,SSR
5603,4633,OO,CRJ,N693BR,2026-05-27 20:13:00,2026-05-27 18:33:00,2026-05-27 20:13:00,2026-05-27,ORD,FNT,,E12,01:40,IN,SSR
2361,2258,UA,321,4519,2026-05-27 07:04:00,2026-05-26 22:30:00,2026-05-27 07:04:00,2026-05-27,ORD,LAX,,C18,08:34,IN,S SSR
1856,2488,UA,739,3444,2026-05-27 10:55:00,2026-05-27 09:41:00,2026-05-27 10:55:00,2026-05-27,ORD,EWR,,C18,01:14,IN,SSR
5807,5452,OO,E7W,N119SY,2026-05-27 13:59:00,2026-05-27 13:23:00,2026-05-27 13:59:00,2026-05-27,ORD,JAX,,E5,00:36,IN,Q SSR
2430,2306,UA,738,3287,2026-05-27 14:24:00,2026-05-27 13:22:00,2026-05-27 14:24:00,2026-05-27,ORD,PHL,,C25,01:02,IN,SSR
576,1946,UA,321,4517,2026-05-27 15:51:00,2026-05-27 14:38:00,2026-05-27 15:51:00,2026-05-27,ORD,LAX,,E8,01:13,IN,SSR
422,973,UA,787,1013,2026-05-27 16:24:00,2026-05-27 11:51:00,2026-05-27 16:24:00,2026-05-27,ORD,ATH,,C16,04:33,IN,SSR
1369,2499,UA,737,3733,2026-05-27 18:04:00,2026-05-27 16:29:00,2026-05-27 18:04:00,2026-05-27,ORD,DCA,,B6,01:35,IN,W SSR
1583,636,UA,320,4296,2026-05-27 18:24:00,2026-05-27 16:54:00,2026-05-27 18:24:00,2026-05-27,ORD,RIC,,G4,01:30,IN,
980,770,UA,788,3908,2026-05-27 20:24:00,2026-05-27 17:10:00,2026-05-27 20:24:00,2026-05-27,ORD,DUB,,B16,03:14,IN,SSR
2499,2738,UA,321,4534,2026-05-27 20:27:00,2026-05-27 18:51:00,2026-05-27 20:27:00,2026-05-27,ORD,LAX,,G6,01:36,IN,SSR
5274,5326,OO,CR5,N573GJ,2026-05-27 21:28:00,2026-05-27 16:18:00,2026-05-27 21:28:00,2026-05-27,ORD,SBN,,F9,05:10,IN,
1779,1779,UA,321,4550,2026-05-27 21:45:00,2026-05-27 20:23:00,2026-05-27 21:45:00,2026-05-27,ORD,BOS,,G4,01:22,IN,
1884,474,UA,7M8,7265,2026-05-27 21:52:00,2026-05-27 19:32:00,2026-05-27 21:52:00,2026-05-27,ORD,PHL,,E15,02:20,IN,SSR
2099,279,UA,321,4556,2026-05-27 08:50:00,2026-05-27 07:39:00,2026-05-27 08:50:00,2026-05-27,ORD,SEA,,C18,01:11,IN,Q T SSR
1677,745,UA,738,3509,2026-05-27 16:20:00,2026-05-27 14:38:00,2026-05-27 16:20:00,2026-05-27,ORD,PDX,,B8,01:42,IN,SSR
4463,4394,G7,CR5,N522GJ,2026-05-27 18:00:00,2026-05-27 16:31:00,2026-05-27 18:00:00,2026-05-27,ORD,ABE,,F11,01:29,IN,SSR
6047,4806,OO,CRJ,N471CA,2026-05-27 18:04:00,2026-05-27 16:58:00,2026-05-27 18:04:00,2026-05-27,ORD,PIA,,F21,01:06,IN,
1967,1954,UA,753,3859,2026-05-27 18:15:00,2026-05-27 17:05:00,2026-05-27 18:15:00,2026-05-27,ORD,LAX,,B7,01:10,IN,Q SSR
1495,2317,UA,753,3857,2026-05-27 20:14:00,2026-05-27 18:48:00,2026-05-27 20:14:00,2026-05-27,ORD,SFO,,C23,01:26,IN,SSR
938,958,UA,763,6453,2026-05-27 21:45:00,2026-05-27 10:49:00,2026-05-27 21:45:00,2026-05-27,ORD,LHR,,C15,10:56,IN,
2059,1046,UA,7M9,7599,2026-05-27 22:02:00,2026-05-27 20:28:00,2026-05-27 22:02:00,2026-05-27,ORD,PHX,,C3,01:34,IN,"<font id=""exportDisplay"" color=#ff0000 style=""display: none;"">V</font> SSR"
3512,3406,YX,E7W,N748YX,2026-05-27 14:08:00,2026-05-27 13:01:00,2026-05-27 14:08:00,2026-05-27,ORD,YUL,,C10,01:07,IN,SSR
4460,4566,G7,CR5,N569GJ,2026-05-27 15:46:00,2026-05-27 15:13:00,2026-05-27 15:46:00,2026-05-27,ORD,PIA,,F22,00:33,IN,Q SSR
2207,3881,UA,737,3732,2026-05-27 15:58:00,2026-05-27 15:01:00,2026-05-27 15:58:00,2026-05-27,ORD,MCI,,G2,00:57,IN,SSR
4808,4676,OO,E7W,N211SY,2026-05-27 17:56:00,2026-05-27 16:50:00,2026-05-27 17:56:00,2026-05-27,ORD,GRB,,F6,01:06,IN,SSR
490,1779,UA,321,4558,2026-05-27 09:07:00,2026-05-23 21:13:00,2026-05-27 09:07:00,2026-05-27,ORD,DCA,,G6,83:54,IN,"S <font id=""exportDisplay"" color=#ff0000 style=""display: none;"">V</font> SSR"
5953,5304,OO,E7W,N130SY,2026-05-27 15:52:00,2026-05-27 13:06:00,2026-05-27 15:52:00,2026-05-27,ORD,SLC,,B21,02:46,IN,SSR
1920,1616,UA,739,3808,2026-05-27 16:12:00,2026-05-27 14:31:00,2026-05-27 16:12:00,2026-05-27,ORD,SMF,,E11,01:41,IN,SSR
972,906,UA,787,1012,2026-05-27 18:07:00,2026-05-27 15:03:00,2026-05-27 18:07:00,2026-05-27,ORD,BRU,,C10,03:04,IN,SSR
1301,1067,UA,319,4030,2026-05-27 20:17:00,2026-05-27 19:14:00,2026-05-27 20:17:00,2026-05-27,ORD,ICT,,B22,01:03,IN,SSR
2120,1457,UA,739,3830,2026-05-27 06:10:00,2026-05-27 04:22:00,2026-05-27 06:10:00,2026-05-27,ORD,MCO,,C26,01:48,IN,SSR
1902,368,UA,777,2511,2026-05-27 12:53:00,2026-05-27 05:40:00,2026-05-27 12:53:00,2026-05-27,ORD,SFO,,B16,07:13,IN,SSR P
5337,4690,OO,CR5,N794SK,2026-05-27 14:23:00,2026-05-27 11:55:00,2026-05-27 14:23:00,2026-05-27,ORD,ROA,,B23,02:28,IN,
777,1813,UA,739,3896,2026-05-27 19:58:00,2026-05-27 19:03:00,2026-05-27 19:58:00,2026-05-27,ORD,LAS,,G4,00:55,IN,Q SSR
1209,1610,UA,321,4565,2026-05-27 21:42:00,2026-05-27 20:48:00,2026-05-27 21:42:00,2026-05-27,ORD,EWR,,B8,00:54,IN,Q SSR
840,2427,UA,7M8,7256,2026-05-28 09:12:00,2026-05-28 07:29:00,2026-05-28 09:12:00,2026-05-28,ORD,ANC,,E7,01:43,OUT,SSR
4524,4411,G7,CR5,N544GJ,2026-05-27 06:44:00,2026-05-26 20:23:00,2026-05-27 06:44:00,2026-05-27,ORD,CAE,,F25,10:21,IN,S SSR
4587,4499,G7,CR5,N520GJ,2026-05-27 12:49:00,2026-05-27 12:21:00,2026-05-27 12:49:00,2026-05-27,ORD,GRR,,F19,00:28,IN,Q SSR
793,2180,UA,319,4897,2026-05-27 15:49:00,2026-05-27 14:45:00,2026-05-27 15:49:00,2026-05-27,ORD,DFW,,B20,01:04,IN,SSR
4577,4177,G7,CR5,N578GJ,2026-05-27 16:43:00,2026-05-27 16:12:00,2026-05-27 16:43:00,2026-05-27,ORD,CMH,,G6,00:31,IN,Q
2496,1842,UA,320,4902,2026-05-27 18:04:00,2026-05-27 16:52:00,2026-05-27 18:04:00,2026-05-27,ORD,YYZ,,B19,01:12,IN,SSR
1625,474,UA,7M8,7256,2026-05-27 20:26:00,2026-05-26 19:37:00,2026-05-27 20:26:00,2026-05-27,ORD,OMA,,E16,24:49,IN,SSR
944,945,UA,787,1005,2026-05-27 15:20:00,2026-05-27 11:10:00,2026-05-27 15:20:00,2026-05-27,ORD,FRA,,C18,04:10,IN,SSR
485,1983,UA,739,3436,2026-05-27 16:50:00,2026-05-27 14:34:00,2026-05-27 16:50:00,2026-05-27,ORD,EWR,,C1,02:16,IN,SSR
2784,451,UA,319,4877,2026-05-27 18:25:00,2026-05-27 17:16:00,2026-05-27 18:25:00,2026-05-27,ORD,BNA,,G6,01:09,IN,
3614,3635,YX,E7W,N766YX,2026-05-27 19:50:00,2026-05-27 18:32:00,2026-05-27 19:50:00,2026-05-27,ORD,CMH,,C4,01:18,IN,SSR
5651,5648,OO,CRJ,N915SW,2026-05-27 19:55:00,2026-05-27 18:22:00,2026-05-27 19:55:00,2026-05-27,ORD,MBS,,F9,01:33,IN,SSR
5275,5399,OO,CR5,N558GJ,2026-05-27 20:05:00,2026-05-27 19:29:00,2026-05-27 20:05:00,2026-05-27,ORD,DLH,,F4,00:36,IN,Q SSR
1643,1414,UA,321,4566,2026-05-27 09:23:00,2026-05-27 08:03:00,2026-05-27 09:23:00,2026-05-27,ORD,MCO,,B16,01:20,IN,T SSR
4617,4182,G7,CR5,N537GJ,2026-05-27 15:46:00,2026-05-27 14:40:00,2026-05-27 15:46:00,2026-05-27,ORD,BHM,,F26,01:06,IN,SSR
2792,2792,UA,320,4240,2026-05-27 18:36:00,2026-05-27 17:56:00,2026-05-27 18:36:00,2026-05-27,ORD,ALB,,B22,00:40,IN,Q SSR
1580,533,UA,738,3222,2026-05-27 19:51:00,2026-05-27 18:21:00,2026-05-27 19:51:00,2026-05-27,ORD,YVR,,C28,01:30,IN,SSR
308,630,UA,737,3721,2026-05-27 20:09:00,2026-05-27 18:54:00,2026-05-27 20:09:00,2026-05-27,ORD,SNA,,C9,01:15,IN,SSR
2401,1048,UA,738,3212,2026-05-27 10:44:00,2026-05-27 09:42:00,2026-05-27 10:44:00,2026-05-27,ORD,NAS,,C20,01:02,IN,Q
5565,5912,OO,CR5,N791SK,2026-05-27 14:12:00,2026-05-27 12:17:00,2026-05-27 14:12:00,2026-05-27,ORD,CHO,,E9,01:55,IN,U
5401,6006,OO,E7W,N154SY,2026-05-27 14:17:00,2026-05-27 12:54:00,2026-05-27 14:17:00,2026-05-27,ORD,BDL,,E12,01:23,IN,SSR
1398,529,UA,737,3717,2026-05-27 18:32:00,2026-05-27 17:46:00,2026-05-27 18:32:00,2026-05-27,ORD,ATL,,C9,00:46,IN,Q SSR
4435,4185,G7,CR5,N576GJ,2026-05-27 16:13:00,2026-05-27 15:51:00,2026-05-27 16:13:00,2026-05-27,ORD,XNA,,F11,00:22,IN,Q SSR
6058,4784,OO,CRJ,N699BR,2026-05-27 16:28:00,2026-05-27 13:56:00,2026-05-27 16:28:00,2026-05-27,ORD,PLN,,F4,02:32,IN,SSR
4557,4449,G7,CR5,N578GJ,2026-05-27 10:41:00,2026-05-27 09:17:00,2026-05-27 10:41:00,2026-05-27,ORD,CAE,,F26,01:24,IN,SSR
5851,5977,OO,CR5,N723EV,2026-05-27 12:54:00,2026-05-27 12:06:00,2026-05-27 12:54:00,2026-05-27,ORD,DLH,,E4,00:48,IN,
2440,622,UA,739,3428,2026-05-27 12:56:00,2026-05-27 12:06:00,2026-05-27 12:56:00,2026-05-27,ORD,LAS,,B8,00:50,IN,Q SSR
4475,4426,G7,CR5,N539GJ,2026-05-27 12:59:00,2026-05-27 11:51:00,2026-05-27 12:59:00,2026-05-27,ORD,ATW,,F9,01:08,IN,
1862,2091,UA,321,4507,2026-05-27 14:19:00,2026-05-27 12:39:00,2026-05-27 14:19:00,2026-05-27,ORD,IAH,,E11,01:40,IN,SSR
1577,1941,UA,753,3862,2026-05-27 14:43:00,2026-05-27 13:11:00,2026-05-27 14:43:00,2026-05-27,ORD,SFO,,C21,01:32,IN,SSR
1673,2211,UA,319,4896,2026-05-27 19:59:00,2026-05-27 19:01:00,2026-05-27 19:59:00,2026-05-27,ORD,DFW,,B21,00:58,IN,SSR
455,2826,UA,739,3437,2026-05-27 13:33:00,2026-05-27 12:29:00,2026-05-27 13:33:00,2026-05-27,ORD,PHX,,C10A,01:04,IN,Q SSR
1156,2106,UA,738,3263,2026-05-27 19:59:00,2026-05-27 18:22:00,2026-05-27 19:59:00,2026-05-27,ORD,YYC,,E10,01:37,IN,SSR
1839,2144,UA,319,4878,2026-05-27 20:28:00,2026-05-27 19:01:00,2026-05-27 20:28:00,2026-05-27,ORD,DSM,,B20,01:27,IN,SSR
4550,4541,G7,CR5,N548GJ,2026-05-27 21:35:00,2026-05-27 20:11:00,2026-05-27 21:35:00,2026-05-27,ORD,GRB,,F23,01:24,IN,
2775,2333,UA,319,4877,2026-05-27 08:56:00,2026-05-27 07:26:00,2026-05-27 08:56:00,2026-05-27,ORD,BOI,,C24,01:30,IN,SSR
4458,4190,G7,CR5,N503GJ,2026-05-27 10:46:00,2026-05-27 09:23:00,2026-05-27 10:46:00,2026-05-27,ORD,ATW,,E12,01:23,IN,
1061,730,UA,319,4003,2026-05-27 12:03:00,2026-05-27 10:58:00,2026-05-27 12:03:00,2026-05-27,ORD,AUS,,C31,01:05,IN,SSR
356,2207,UA,7M9,7599,2026-05-27 14:36:00,2026-05-27 13:21:00,2026-05-27 14:36:00,2026-05-27,ORD,ATL,,C23,01:15,IN,SSR
5893,5984,OO,CRJ,N487CA,2026-05-27 12:57:00,2026-05-27 12:23:00,2026-05-27 12:57:00,2026-05-27,ORD,FWA,,E1,00:34,IN,Q SSR
374,587,UA,321,4510,2026-05-27 14:38:00,2026-05-27 12:55:00,2026-05-27 14:38:00,2026-05-27,ORD,LAX,,B4,01:43,IN,SSR
6084,4648,OO,CR5,N689SK,2026-05-27 13:18:00,2026-05-27 12:22:00,2026-05-27 13:18:00,2026-05-27,ORD,XNA,,F28,00:56,IN,
2797,1317,UA,319,4007,2026-05-27 14:13:00,2026-05-27 12:47:00,2026-05-27 14:13:00,2026-05-27,ORD,GRR,,E8,01:26,IN,SSR
5249,5345,OO,CRJ,N487CA,2026-05-27 16:56:00,2026-05-27 16:25:00,2026-05-27 16:56:00,2026-05-27,ORD,LNK,,E12,00:31,IN,Q SSR
303,1776,UA,7M9,7401,2026-05-27 18:38:00,2026-05-27 16:56:00,2026-05-27 18:38:00,2026-05-27,ORD,BWI,,C3,01:42,IN,U SSR
5451,5570,OO,CRJ,N479CA,2026-05-27 07:19:00,2026-05-26 14:15:00,2026-05-27 07:19:00,2026-05-27,ORD,SCE,,F5,17:04,IN,S SSR
5918,5780,OO,E7W,N631SY,2026-05-27 18:12:00,2026-05-27 17:03:00,2026-05-27 18:12:00,2026-05-27,ORD,GRR,,C8,01:09,IN,SSR
2827,1009,UA,738,3280,2026-05-27 20:22:00,2026-05-27 18:36:00,2026-05-27 20:22:00,2026-05-27,ORD,GRR,,E14,01:46,IN,
4599,4467,G7,CR5,N506GJ,2026-05-27 21:39:00,2026-05-27 21:11:00,2026-05-27 21:39:00,2026-05-27,ORD,ICT,,F25,00:28,IN,Q SSR
2071,276,UA,737,3703,2026-05-27 21:48:00,2026-05-27 20:31:00,2026-05-27 21:48:00,2026-05-27,ORD,TVC,,C26,01:17,IN,SSR
4425,4423,G7,CR5,N556GJ,2026-05-27 09:06:00,2026-05-27 08:38:00,2026-05-27 09:06:00,2026-05-27,ORD,GRR,,F26,00:28,IN,Q
2092,307,UA,7M8,7341,2026-05-27 08:21:00,2026-05-27 07:35:00,2026-05-27 08:21:00,2026-05-27,ORD,LGA,,B14,00:46,IN,"Q <font id=""exportDisplay"" color=#ff0000 style=""display: none;"">V</font> SSR"
2182,1878,UA,7M9,7425,2026-05-27 11:54:00,2026-05-27 11:05:00,2026-05-27 11:54:00,2026-05-27,ORD,PHL,,C1,00:49,IN,Q SSR
3554,3658,YX,E7W,N776YX,2026-05-27 13:09:00,2026-05-27 12:36:00,2026-05-27 13:09:00,2026-05-27,ORD,CMH,,C8,00:33,IN,Q
6088,5659,OO,E7W,N127SY,2026-05-27 13:21:00,2026-05-27 12:44:00,2026-05-27 13:21:00,2026-05-27,ORD,YWG,,F16,00:37,IN,Q
2343,1084,UA,319,4030,2026-05-27 14:16:00,2026-05-27 13:30:00,2026-05-27 14:16:00,2026-05-27,ORD,SYR,,E6,00:46,IN,Q SSR
5496,4740,OO,CRJ,N910EV,2026-05-27 14:21:00,2026-05-27 13:39:00,2026-05-27 14:21:00,2026-05-27,ORD,SBN,,F22,00:42,IN,Q SSR
1612,1776,UA,320,4902,2026-05-27 11:04:00,2026-05-26 16:50:00,2026-05-27 11:04:00,2026-05-27,ORD,SAV,,B20,18:14,IN,W SSR
4552,4392,G7,CR5,N550GJ,2026-05-27 16:22:00,2026-05-27 15:49:00,2026-05-27 16:22:00,2026-05-27,ORD,STL,,E7,00:33,IN,Q SSR
2790,493,UA,739,3818,2026-05-27 16:34:00,2026-05-27 15:00:00,2026-05-27 16:34:00,2026-05-27,ORD,DEN,,C21,01:34,IN,T SSR
511,2417,UA,321,4530,2026-05-27 16:52:00,2026-05-27 15:15:00,2026-05-27 16:52:00,2026-05-27,ORD,SFO,,B9,01:37,IN,SSR
764,2832,UA,320,4637,2026-05-27 09:03:00,2026-05-26 20:32:00,2026-05-27 09:03:00,2026-05-27,ORD,YYC,,C26,12:31,IN,S SSR
3375,4495,G7,CR5,N547GJ,2026-05-27 11:18:00,2026-05-27 13:44:00,2026-05-27 11:18:00,2026-05-27,ORD,MLI,,F23,-02:26,IN,Q
533,2422,UA,738,3212,2026-05-27 20:38:00,2026-05-27 18:31:00,2026-05-27 20:38:00,2026-05-27,ORD,BZN,,C7,02:07,IN,SSR
5140,5865,OO,CRJ,N449SW,2026-05-27 21:53:00,2026-05-27 21:25:00,2026-05-27 21:53:00,2026-05-27,ORD,CMX,,E1,00:28,IN,Q SSR
4537,4601,G7,CR5,N550GJ,2026-05-27 09:04:00,2026-05-27 07:44:00,2026-05-27 09:04:00,2026-05-27,ORD,GRB,,E12,01:20,IN,SSR
1270,490,UA,7M9,7511,2026-05-27 09:09:00,2026-05-27 07:33:00,2026-05-27 09:09:00,2026-05-27,ORD,PUJ,,C10A,01:36,IN,
1746,576,UA,319,4054,2026-05-27 14:19:00,2026-05-27 12:53:00,2026-05-27 14:19:00,2026-05-27,ORD,MDT,,C30,01:26,IN,SSR
1923,403,UA,739,3460,2026-05-27 21:44:00,2026-05-27 19:29:00,2026-05-27 21:44:00,2026-05-27,ORD,CID,,C21,02:15,IN,SSR
5757,4637,OO,E7W,N140SY,2026-05-27 14:45:00,2026-05-27 12:48:00,2026-05-27 14:45:00,2026-05-27,ORD,CLT,,C6,01:57,IN,SSR
1334,2443,UA,739,3899,2026-05-27 15:51:00,2026-05-27 14:52:00,2026-05-27 15:51:00,2026-05-27,ORD,SFO,,C24,00:59,IN,Q SSR
5665,5205,OO,E7W,N205SY,2026-05-27 16:26:00,2026-05-27 15:58:00,2026-05-27 16:26:00,2026-05-27,ORD,BNA,,C4,00:28,IN,Q SSR
4447,4393,G7,CR5,N578GJ,2026-05-27 21:46:00,2026-05-27 20:48:00,2026-05-27 21:46:00,2026-05-27,ORD,MLI,,F17,00:58,IN,
1077,2094,UA,738,3242,2026-05-27 06:27:00,2026-05-27 04:23:00,2026-05-27 06:27:00,2026-05-27,ORD,DCA,,C7,02:04,IN,SSR
3629,3617,YX,E7W,N744YX,2026-05-27 12:35:00,2026-05-27 11:02:00,2026-05-27 12:35:00,2026-05-27,ORD,ROC,,C6,01:33,IN,SSR
2635,2124,UA,739,3445,2026-05-27 14:26:00,2026-05-27 13:06:00,2026-05-27 14:26:00,2026-05-27,ORD,FLL,,C28,01:20,IN,Q SSR
907,882,UA,787,1014,2026-05-27 18:57:00,2026-05-27 15:09:00,2026-05-27 18:57:00,2026-05-27,ORD,FRA,,C16,03:48,IN,SSR
543,2475,UA,777,2513,2026-05-27 10:59:00,2026-05-26 14:33:00,2026-05-27 10:59:00,2026-05-27,ORD,SFO,,C10,20:26,IN,SSR P
5591,6019,OO,E7W,N109SY,2026-05-27 17:06:00,2026-05-27 16:32:00,2026-05-27 17:06:00,2026-05-27,ORD,YYZ,,E6,00:34,IN,Q
1400,1744,UA,7M9,7525,2026-05-27 22:22:00,2026-05-27 20:41:00,2026-05-27 22:22:00,2026-05-27,ORD,MSN,,G6,01:41,IN,
1705,--,UA,737,3733,2026-05-27 08:30:00,,2026-05-27 08:30:00,2026-05-27,ORD,DCA,,E10,--,CNCL - FQ,--
1314,1920,UA,319,4889,2026-05-27 14:30:00,2026-05-27 13:40:00,2026-05-27 14:30:00,2026-05-27,ORD,DCA,,G4,00:50,IN,Q SSR
4530,3395,G7,CR5,N504GJ,2026-05-27 16:43:00,2026-05-27 10:07:00,2026-05-27 16:43:00,2026-05-27,ORD,SGF,,F17,06:36,IN,
4452,4555,G7,CR5,N549GJ,2026-05-27 17:16:00,2026-05-27 16:42:00,2026-05-27 17:16:00,2026-05-27,ORD,GRR,,F22,00:34,IN,Q SSR
5887,5231,OO,CRJ,N454SW,2026-05-27 08:16:00,2026-05-27 07:54:00,2026-05-27 08:16:00,2026-05-27,ORD,SBN,,F17,00:22,IN,Q
2290,1968,UA,738,3292,2026-05-27 13:36:00,2026-05-27 12:43:00,2026-05-27 13:36:00,2026-05-27,ORD,DFW,,C3,00:53,IN,Q SSR
3532,3507,YX,E7W,N732YX,2026-05-27 14:36:00,2026-05-27 12:49:00,2026-05-27 14:36:00,2026-05-27,ORD,CHS,,B18,01:47,IN,SSR
4186,4182,G7,CR5,N543GJ,2026-05-27 07:32:00,2026-05-27 06:57:00,2026-05-27 07:32:00,2026-05-27,ORD,ROA,,F19,00:35,IN,Q SSR
466,1612,UA,319,4030,2026-05-27 09:36:00,2026-05-27 08:47:00,2026-05-27 09:36:00,2026-05-27,ORD,CID,,C28,00:49,IN,Q SSR
1381,2465,UA,737,3718,2026-05-27 10:33:00,2026-05-27 09:41:00,2026-05-27 10:33:00,2026-05-27,ORD,DCA,,B7,00:52,IN,Q SSR
5589,5318,OO,E7W,N148SY,2026-05-27 10:58:00,2026-05-27 10:30:00,2026-05-27 10:58:00,2026-05-27,ORD,OMA,,E6,00:28,IN,Q SSR
4434,4495,G7,CR5,N547GJ,2026-05-27 14:33:00,2026-05-27 14:03:00,2026-05-27 14:33:00,2026-05-27,ORD,AVL,,F11,00:30,IN,Q SSR
1288,456,UA,738,3228,2026-05-27 16:33:00,2026-05-27 15:28:00,2026-05-27 16:33:00,2026-05-27,ORD,LGA,,C3,01:05,IN,Q SSR
1974,617,UA,321,4525,2026-05-27 18:50:00,2026-05-27 17:00:00,2026-05-27 18:50:00,2026-05-27,ORD,DEN,,C21,01:50,IN,SSR
845,415,UA,787,1001,2026-05-27 22:03:00,2026-05-27 17:53:00,2026-05-27 22:03:00,2026-05-27,ORD,GRU,,C10,04:10,IN,W SSR
4404,3376,G7,CR5,N506GJ,2026-05-27 16:35:00,2026-05-27 16:05:00,2026-05-27 16:35:00,2026-05-27,ORD,FSD,,F1,00:30,IN,Q SSR
2063,--,UA,737,3723,2026-05-27 20:30:00,,2026-05-27 20:30:00,2026-05-27,ORD,BNA,,B6,--,IN,SSR
2211,637,UA,7M8,7370,2026-05-27 20:33:00,2026-05-27 18:56:00,2026-05-27 20:33:00,2026-05-27,ORD,SEA,,C19,01:37,IN,"<font id=""exportDisplay"" color=#ff0000 style=""display: none;"">V</font> SSR"
5215,5238,OO,CR5,N532GJ,2026-05-28 09:40:00,2026-05-27 07:35:00,2026-05-28 09:40:00,2026-05-28,ORD,LNK,,F18,26:05,DLYD,
2267,834,UA,7M8,7281,2026-05-27 12:36:00,2026-05-27 11:54:00,2026-05-27 12:36:00,2026-05-27,ORD,LGA,,B6,00:42,IN,Q SSR
312,2040,UA,7M9,7403,2026-05-27 20:31:00,2026-05-27 19:14:00,2026-05-27 20:31:00,2026-05-27,ORD,AUS,,E17,01:17,IN,Q SSR
4576,4593,G7,CR5,N543GJ,2026-05-27 22:01:00,2026-05-27 20:52:00,2026-05-27 22:01:00,2026-05-27,ORD,STL,,E16,01:09,IN,SSR
2137,1554,UA,7M9,7528,2026-05-27 09:44:00,2026-05-27 08:59:00,2026-05-27 09:44:00,2026-05-27,ORD,LAS,,C19,00:45,IN,Q SSR
2226,2320,UA,739,3836,2026-05-27 14:40:00,2026-05-25 21:40:00,2026-05-27 14:40:00,2026-05-27,ORD,BUF,,B17,41:00,IN,SSR
4471,4596,G7,CR5,N551GJ,2026-05-27 12:11:00,2026-05-27 11:44:00,2026-05-27 12:11:00,2026-05-27,ORD,PIA,,G6,00:27,IN,Q SSR
378,1888,UA,737,3718,2026-05-27 17:03:00,2026-05-27 16:25:00,2026-05-27 17:03:00,2026-05-27,ORD,JAC,,C27,00:38,IN,Q SSR
4484,4564,G7,CR5,N566GJ,2026-05-27 18:33:00,2026-05-27 17:55:00,2026-05-27 18:33:00,2026-05-27,ORD,DAY,,F27,00:38,IN,Q SSR
2189,1239,UA,738,3252,2026-05-27 13:43:00,2026-05-27 12:54:00,2026-05-27 13:43:00,2026-05-27,ORD,LGA,,C27,00:49,IN,Q SSR
4553,4606,G7,CR5,N538GJ,2026-05-27 18:38:00,2026-05-27 18:10:00,2026-05-27 18:38:00,2026-05-27,ORD,GSO,,F23,00:28,IN,Q SSR
1394,2059,UA,738,3231,2026-05-27 20:43:00,2026-05-27 19:48:00,2026-05-27 20:43:00,2026-05-27,ORD,SAT,,E15,00:55,IN,Q SSR
2032,2201,UA,738,3242,2026-05-27 13:24:00,2026-05-27 12:32:00,2026-05-27 13:24:00,2026-05-27,ORD,YEG,,B5,00:52,IN,Q SSR
4532,4492,G7,CR5,N504GJ,2026-05-27 22:04:00,2026-05-27 20:56:00,2026-05-27 22:04:00,2026-05-27,ORD,RIC,,F11,01:08,IN,Q SSR
530,1113,UA,738,3509,2026-05-27 09:52:00,2026-05-27 09:10:00,2026-05-27 09:52:00,2026-05-27,ORD,ATL,,C24,00:42,IN,Q SSR
5871,5364,OO,E7W,N156SY,2026-05-27 11:27:00,2026-05-27 09:29:00,2026-05-27 11:27:00,2026-05-27,ORD,ECP,,F18,01:58,IN,U SSR
609,503,UA,7M9,7416,2026-05-27 14:45:00,2026-05-27 13:55:00,2026-05-27 14:45:00,2026-05-27,ORD,MCO,,C27,00:50,IN,Q SSR
2091,2138,UA,739,3844,2026-05-27 14:58:00,2026-05-27 14:13:00,2026-05-27 14:58:00,2026-05-27,ORD,RDU,,B9,00:45,IN,Q SSR
2813,2135,UA,321,4505,2026-05-27 20:52:00,2026-05-27 19:49:00,2026-05-27 20:52:00,2026-05-27,ORD,IAH,,B5,01:03,IN,Q SSR
4169,4556,G7,CR5,N566GJ,2026-05-27 09:41:00,2026-05-27 09:09:00,2026-05-27 09:41:00,2026-05-27,ORD,TVC,,F6,00:32,IN,Q SSR
4417,4406,G7,CR5,N507GJ,2026-05-27 20:32:00,2026-05-27 20:07:00,2026-05-27 20:32:00,2026-05-27,ORD,XNA,,F17,00:25,IN,Q SSR
5108,5675,OO,CRJ,N910EV,2026-05-27 17:37:00,2026-05-27 17:12:00,2026-05-27 17:37:00,2026-05-27,ORD,SLN,,F20,00:25,IN,Q SSR
1710,2299,UA,738,3252,2026-05-27 20:58:00,2026-05-27 20:05:00,2026-05-27 20:58:00,2026-05-27,ORD,SLC,,E7,00:53,IN,Q SSR
1150,581,UA,7M9,7525,2026-05-27 08:14:00,2026-05-27 07:26:00,2026-05-27 08:14:00,2026-05-27,ORD,DTW,,B11,00:48,IN,Q
2180,1325,UA,7M8,7351,2026-05-27 18:54:00,2026-05-27 18:12:00,2026-05-27 18:54:00,2026-05-27,ORD,MIA,,E17,00:42,IN,Q SSR
4431,4562,G7,CR5,N566GJ,2026-05-27 13:25:00,2026-05-27 13:06:00,2026-05-27 13:25:00,2026-05-27,ORD,XNA,,F23,00:19,IN,Q
4570,4415,G7,CR5,N564GJ,2026-05-27 11:16:00,2026-05-27 10:39:00,2026-05-27 11:16:00,2026-05-27,ORD,HSV,,F28,00:37,IN,Q
4493,4551,G7,CR5,N521GJ,2026-05-27 07:52:00,2026-05-27 07:29:00,2026-05-27 07:52:00,2026-05-27,ORD,CHA,,F26,00:23,IN,Q SSR
4591,4602,G7,CR5,N543GJ,2026-05-27 16:27:00,2026-05-27 16:00:00,2026-05-27 16:27:00,2026-05-27,ORD,ICT,,F15,00:27,IN,Q
1955,1288,UA,737,3710,2026-05-27 13:33:00,2026-05-27 12:46:00,2026-05-27 13:33:00,2026-05-27,ORD,SLC,,C24,00:47,IN,Q SSR
3750,1349,UA,7M9,7579,2026-05-27 14:34:00,2026-05-27 11:31:00,2026-05-27 14:34:00,2026-05-27,ORD,MKE,,E7,03:03,IN,
1655,2048,UA,738,3272,2026-05-27 20:40:00,2026-05-27 19:51:00,2026-05-27 20:40:00,2026-05-27,ORD,LGA,,B14,00:49,IN,Q SSR
293,1525,UA,321,4570,2026-05-27 14:14:00,2026-05-27 11:48:00,2026-05-27 14:14:00,2026-05-27,ORD,IAD,,C19,02:26,IN,SSR
2844,704,UA,320,4284,2026-05-27 14:00:00,2026-05-27 12:55:00,2026-05-27 14:00:00,2026-05-27,ORD,SAT,,G6,01:05,IN,Q SSR
987,971,UA,787,1008,2026-05-27 19:07:00,2026-05-27 12:42:00,2026-05-27 19:07:00,2026-05-27,ORD,CDG,,B17,06:25,IN,SSR
2175,2099,UA,737,3723,2026-05-27 08:08:00,2026-05-27 07:26:00,2026-05-27 08:08:00,2026-05-27,ORD,BNA,,C28,00:42,IN,Q SSR
5921,5710,OO,CRJ,N487CA,2026-05-27 09:47:00,2026-05-27 09:29:00,2026-05-27 09:47:00,2026-05-27,ORD,MKE,,F4,00:18,IN,Q SSR
5032,5352,OO,CRJ,N932EV,2026-05-27 17:43:00,2026-05-27 16:03:00,2026-05-27 17:43:00,2026-05-27,ORD,DEC,,F27,01:40,IN,
1748,329,UA,738,3259,2026-05-27 19:14:00,2026-05-27 18:20:00,2026-05-27 19:14:00,2026-05-27,ORD,CLT,,B6,00:54,IN,Q SSR
5547,6077,OO,CRJ,N932EV,2026-05-27 22:20:00,2026-05-27 20:28:00,2026-05-27 22:20:00,2026-05-27,ORD,SCE,,C4,01:52,IN,SSR
2417,2729,UA,319,4024,2026-05-27 19:04:00,2026-05-27 16:33:00,2026-05-27 19:04:00,2026-05-27,ORD,YUL,,C26,02:31,IN,Q SSR
5318,4672,OO,E7W,N616UX,2026-05-27 13:54:00,2026-05-27 13:03:00,2026-05-27 13:54:00,2026-05-27,ORD,TUL,,F14,00:51,IN,Q SSR
5076,4728,OO,CRJ,N920EV,2026-05-27 08:39:00,2026-05-27 05:57:00,2026-05-27 08:39:00,2026-05-27,ORD,MCW,,B23,02:42,IN,
664,2654,UA,738,3230,2026-05-27 16:06:00,2026-05-27 15:03:00,2026-05-27 16:06:00,2026-05-27,ORD,LGA,,B11,01:03,IN,"Q <font id=""exportDisplay"" color=#ff0000 style=""display: none;"">V</font> SSR"
4589,4569,G7,CR5,N544GJ,2026-05-27 12:07:00,2026-05-27 11:33:00,2026-05-27 12:07:00,2026-05-27,ORD,ROA,,F16,00:34,IN,Q SSR
970,986,UA,787,1002,2026-05-27 16:52:00,2026-05-27 12:44:00,2026-05-27 16:52:00,2026-05-27,ORD,FCO,,C18,04:08,IN,"<font id=""exportDisplay"" color=#ff0000 style=""display: none;"">V</font> SSR"
2649,1504,UA,738,3224,2026-05-27 19:37:00,2026-05-27 16:59:00,2026-05-27 19:37:00,2026-05-27,ORD,LGA,,B12,02:38,IN,SSR
1239,378,UA,738,3231,2026-05-27 15:04:00,2026-05-27 13:43:00,2026-05-27 15:04:00,2026-05-27,ORD,ROC,,B5,01:21,IN,Q SSR
5823,5260,OO,CR5,N558GJ,2026-05-27 15:14:00,2026-05-26 15:14:00,2026-05-27 15:14:00,2026-05-27,ORD,SCE,,F14,24:00,IN,SSR
2668,1577,UA,7M8,7351,2026-05-27 12:26:00,2026-05-27 11:32:00,2026-05-27 12:26:00,2026-05-27,ORD,DCA,,E15,00:54,IN,Q SSR
1349,1107,UA,739,3426,2026-05-27 15:36:00,2026-05-27 14:51:00,2026-05-27 15:36:00,2026-05-27,ORD,PIT,,C22,00:45,IN,Q SSR
1649,2829,UA,738,3209,2026-05-27 22:32:00,2026-05-27 21:44:00,2026-05-27 22:32:00,2026-05-27,ORD,YYZ,,E14,00:48,IN,Q SSR
371,2199,UA,738,3528,2026-05-27 18:14:00,2026-05-27 16:17:00,2026-05-27 18:14:00,2026-05-27,ORD,LGA,,B11,01:57,IN,Q SSR
752,343,UA,737,3723,2026-05-27 14:02:00,2026-05-27 12:07:00,2026-05-27 14:02:00,2026-05-27,ORD,DCA,,C22,01:55,IN,Q SSR
2179,1583,UA,321,4554,2026-05-27 19:37:00,2026-05-27 16:04:00,2026-05-27 19:37:00,2026-05-27,ORD,SFO,,E15,03:33,IN,SSR
4474,4402,G7,CR5,N551GJ,2026-05-27 08:18:00,2026-05-27 07:49:00,2026-05-27 08:18:00,2026-05-27,ORD,SDF,,F23,00:29,IN,Q SSR
2243,2072,UA,737,3710,2026-05-27 21:47:00,2026-05-27 21:07:00,2026-05-27 21:47:00,2026-05-27,ORD,RNO,,B6,00:40,IN,Q U SSR
4456,4515,G7,CR5,N562GJ,2026-05-27 21:09:00,2026-05-27 20:33:00,2026-05-27 21:09:00,2026-05-27,ORD,ATW,,E12,00:36,IN,Q SSR
403,768,UA,738,3277,2026-05-27 21:47:00,2026-05-27 20:47:00,2026-05-27 21:47:00,2026-05-27,ORD,TUL,,C19,01:00,IN,Q SSR
1878,2370,UA,739,3827,2026-05-27 14:01:00,2026-05-27 13:18:00,2026-05-27 14:01:00,2026-05-27,ORD,CLE,,B14,00:43,IN,Q SSR
1989,2315,UA,739,3827,2026-05-27 19:46:00,2026-05-27 17:53:00,2026-05-27 19:46:00,2026-05-27,ORD,RDU,,C24,01:53,IN,Q SSR
2195,1310,UA,738,3253,2026-05-27 12:25:00,2026-05-27 11:37:00,2026-05-27 12:25:00,2026-05-27,ORD,BDL,,C27,00:48,IN,Q U SSR
2829,1209,UA,738,3287,2026-05-27 22:51:00,2026-05-27 22:14:00,2026-05-27 22:51:00,2026-05-27,ORD,BWI,,C28,00:37,IN,SSR
1776,1156,UA,7M8,7281,2026-05-27 19:37:00,2026-05-27 18:43:00,2026-05-27 19:37:00,2026-05-27,ORD,PHL,,E6,00:54,IN,Q SSR
1866,2113,UA,321,4519,2026-05-27 19:57:00,2026-05-27 17:02:00,2026-05-27 19:57:00,2026-05-27,ORD,EWR,,B9,02:55,IN,"<font id=""exportDisplay"" color=#ff0000 style=""display: none;"">V</font> SSR"
1905,2032,UA,737,3717,2026-05-27 15:28:00,2026-05-27 11:18:00,2026-05-27 15:28:00,2026-05-27,ORD,MSN,,C26,04:10,IN,W SSR
2458,2821,UA,738,3275,2026-05-27 19:39:00,2026-05-27 18:35:00,2026-05-27 19:39:00,2026-05-27,ORD,LGA,,B5,01:04,IN,Q SSR
1338,590,UA,738,3506,2026-05-27 21:39:00,2026-05-27 20:54:00,2026-05-27 21:39:00,2026-05-27,ORD,MCI,,C7,00:45,IN,Q SSR
587,1517,UA,319,4893,2026-05-27 15:54:00,2026-05-26 21:56:00,2026-05-27 15:54:00,2026-05-27,ORD,IND,,B22,17:58,IN,SSR
841,2426,UA,7M8,7253,2026-05-27 17:52:00,2026-05-27 16:35:00,2026-05-27 17:52:00,2026-05-27,ORD,ANC,,E8,01:17,IN,Q SSR
4450,4536,G7,CR5,N554GJ,2026-05-27 19:40:00,2026-05-27 19:09:00,2026-05-27 19:40:00,2026-05-27,ORD,ATW,,F11,00:31,IN,Q SSR
2465,1634,UA,320,4240,2026-05-27 14:32:00,2026-05-27 13:51:00,2026-05-27 14:32:00,2026-05-27,ORD,CVG,,C24,00:41,IN,Q SSR
2825,511,UA,321,4558,2026-05-27 17:45:00,2026-05-27 15:16:00,2026-05-27 17:45:00,2026-05-27,ORD,PHL,,E17,02:29,IN,Q SSR
4542,4458,G7,CR5,N552GJ,2026-05-27 21:38:00,2026-05-26 17:55:00,2026-05-27 21:38:00,2026-05-27,ORD,LIT,,G20,27:43,IN,SSR
4391,4603,G7,CR5,N541GJ,2026-05-27 21:47:00,2026-05-27 21:18:00,2026-05-27 21:47:00,2026-05-27,ORD,SGF,,F14,00:29,IN,Q
4547,4467,G7,CR5,N562GJ,2026-05-27 15:29:00,2026-05-27 15:06:00,2026-05-27 15:29:00,2026-05-27,ORD,FAR,,F11,00:23,IN,Q SSR
1355,1905,UA,738,3531,2026-05-27 12:53:00,2026-05-27 12:13:00,2026-05-27 12:53:00,2026-05-27,ORD,STL,,B17,00:40,IN,Q SSR
1486,1377,UA,753,3861,2026-05-27 11:13:00,2026-05-27 09:39:00,2026-05-27 11:13:00,2026-05-27,ORD,SFO,,B14,01:34,IN,Q SSR
602,2336,UA,739,3837,2026-05-27 22:36:00,2026-05-27 20:39:00,2026-05-27 22:36:00,2026-05-27,ORD,PHX,,C29,01:57,IN,Q SSR
4194,4429,G7,CR5,N541GJ,2026-05-27 18:26:00,2026-05-27 18:05:00,2026-05-27 18:26:00,2026-05-27,ORD2,MSN,,F20,00:21,IN,
2160,777,UA,737,3720,2026-05-27 22:13:00,2026-05-27 18:24:00,2026-05-27 22:13:00,2026-05-27,ORD,DCA,,B10,03:49,IN,SSR
4449,4578,G7,CR5,N549GJ,2026-05-27 13:16:00,2026-05-27 11:20:00,2026-05-27 13:16:00,2026-05-27,ORD,TVC,,F25,01:56,IN,Q
1401,2007,UA,7M8,7296,2026-05-27 20:55:00,2026-05-27 18:17:00,2026-05-27 20:55:00,2026-05-27,ORD,PWM,,C24,02:38,IN,Q SSR
1941,1531,UA,319,4022,2026-05-27 17:39:00,2026-05-27 16:39:00,2026-05-27 17:39:00,2026-05-27,ORD,DCA,,C24,01:00,IN,Q
4588,4381,G7,CR5,N538GJ,2026-05-27 15:26:00,2026-05-27 14:26:00,2026-05-27 15:26:00,2026-05-27,ORD,GRB,,F20,01:00,IN,Q
4581,4583,G7,CR5,N554GJ,2026-05-27 15:39:00,2026-05-27 14:36:00,2026-05-27 15:39:00,2026-05-27,ORD,STL,,F15,01:03,IN,Q SSR
4618,4452,G7,CR5,N549GJ,2026-05-27 20:35:00,2026-05-27 18:15:00,2026-05-27 20:35:00,2026-05-27,ORD,LEX,,F11,02:20,IN,Q SSR
2000,2005,UA,738,3223,2026-05-27 17:14:00,2026-05-27 16:28:00,2026-05-27 17:14:00,2026-05-27,ORD,STL,,C9,00:46,IN,Q SSR
2063,785,UA,737,3722,2026-05-27 23:10:00,2026-05-27 21:52:00,2026-05-27 23:10:00,2026-05-27,ORD2,BNA,,C7,01:18,IN,SSR
5505,5915,OO,CRJ,N449SW,2026-05-27 18:59:00,2026-05-27 16:31:00,2026-05-27 18:59:00,2026-05-27,ORD,SBN,,E1,02:28,IN,Q SSR
4518,4447,G7,CR5,N523GJ,2026-05-27 20:43:00,2026-05-27 18:48:00,2026-05-27 20:43:00,2026-05-27,ORD,STL,,G20,01:55,IN,Q SSR
4461,4410,G7,CR5,N563GJ,2026-05-27 18:12:00,2026-05-27 17:47:00,2026-05-27 18:12:00,2026-05-27,ORD,ABE,,F17,00:25,IN,Q
938,--,UA,763,6669,2026-05-26 02:00:00,,2026-05-26 02:00:00,2026-05-26,ORD,LHR,,C19,--,CNCL - TA,--
323,2202,UA,738,3206,2026-05-27 19:19:00,2026-05-27 16:28:00,2026-05-27 19:19:00,2026-05-27,ORD,DEN,,E16,02:51,IN,SSR
4512,4496,G7,CR5,N563GJ,2026-05-27 13:46:00,2026-05-27 13:13:00,2026-05-27 13:46:00,2026-05-27,ORD,LIT,,F4,00:33,IN,Q SSR
3876,--,UA,737,3712,2026-05-26 03:15:00,,2026-05-26 03:15:00,2026-05-26,ORD,INT,,C28,--,CNCL - NO,--
